age_A,age_B,height_A,height_B,reach_A,reach_B,is_orthodox_A,is_orthodox_B,is_southpaw_A,is_southpaw_B,weight_A,weight_B,won_A,won_B,lost_A,lost_B,drawn_A,drawn_B,kos_A,kos_B,result_A,result_B,result_T
35,27,179,175,178,179,1,1,0,0,160,160,37,49,0,1,0,1,33,34,0,0,1
26,31,175,185,179,185,1,1,0,0,164,164,48,50,1,2,1,1,34,32,1,0,0
25,29,175,174,179,180,1,1,0,0,155,155,46,31,1,3,1,0,32,19,1,0,0
23,31,175,175,179,188,1,1,0,0,155,155,43,19,1,1,1,2,31,12,1,0,0
22,28,175,177,179,175,1,1,0,0,154,153,40,30,0,4,1,0,29,18,1,0,0
21,40,175,174,179,180,1,1,0,0,154,154,39,46,0,7,1,1,29,39,1,0,0
21,32,175,180,179,188,1,1,0,0,154,154,38,33,0,4,1,1,28,28,1,0,0
19,32,175,167,179,173,1,1,0,0,150,149,31,31,0,1,1,1,23,23,1,0,0
18,26,175,180,179,188,1,1,0,0,147,147,25,23,0,2,1,0,18,21,1,0,0
18,28,175,173,179,183,1,1,0,0,147,147,22,16,0,1,1,0,15,15,1,0,0
29,34,173,179,178,181,1,1,0,0,140,139,31,22,0,0,0,0,22,11,1,0,0
29,33,173,179,178,180,1,1,0,0,139,143,29,29,0,6,0,0,20,23,1,0,0
28,33,173,169,178,183,1,1,0,0,140,140,26,29,0,1,0,0,18,20,1,0,0
27,33,173,173,178,173,1,1,0,0,135,134,24,29,0,6,0,1,17,17,1,0,0
23,30,173,165,178,168,1,1,0,0,139,139,13,20,0,11,0,0,10,11,1,0,0
22,29,173,170,178,169,1,1,0,0,137,137,8,9,0,14,0,1,5,6,1,0,0
33,28,179,178,178,188,1,1,0,0,159,160,32,19,0,1,0,0,29,6,1,0,0
31,31,179,178,178,180,1,1,0,0,159,159,26,29,0,4,0,0,23,20,1,0,0
30,27,179,182,178,182,1,1,0,0,160,159,24,21,0,5,0,0,21,13,1,0,0
30,27,179,180,178,178,1,1,0,0,159,159,23,28,0,1,0,0,20,21,1,0,0
29,32,179,173,178,180,1,1,0,0,160,158,20,27,0,7,0,1,17,17,1,0,0
29,26,171,160,179,161,1,1,0,0,115,115,26,18,2,3,1,1,12,17,0,1,0
25,22,160,163,161,58,0,0,1,1,115,115,12,9,3,8,1,3,11,3,1,0,0
26,30,198,201,208,207,1,1,0,0,243,255,16,17,0,0,0,0,16,15,1,0,0
29,26,196,198,203,208,0,0,1,1,244,245,23,15,0,0,1,0,21,15,0,1,0
26,27,198,193,208,198,1,1,0,0,245,247,14,16,0,0,0,0,14,13,1,0,0
25,34,198,193,208,191,1,1,0,0,248,236,11,36,0,10,0,1,11,28,1,0,0
25,37,198,188,208,193,1,1,0,0,245,244,10,26,0,19,0,4,10,11,1,0,0
21,36,170,165,180,173,1,1,0,0,132,132,19,40,0,14,0,3,16,24,1,0,0
27,28,171,170,175,177,1,1,0,0,146,147,26,26,0,1,0,1,22,16,1,0,0
26,31,171,175,175,180,1,1,0,0,147,147,24,32,0,2,0,1,21,18,1,0,0
20,25,171,173,175,178,1,1,0,0,152,149,8,26,0,36,0,2,8,6,1,0,0
22,28,165,165,167,177,0,0,1,1,120,119,24,31,0,2,0,0,18,17,1,0,0
22,34,165,170,167,174,0,0,1,1,118,118,23,27,0,0,0,2,17,19,1,0,0
21,24,165,163,167,168,0,0,1,1,118,118,19,29,0,3,0,2,13,22,1,0,0
27,37,175,180,173,178,1,1,0,0,146,146,10,31,0,2,1,0,8,14,1,0,0
29,28,165,171,157,175,1,1,0,0,125,125,23,32,0,1,0,1,14,18,0,1,0
26,26,171,170,175,168,1,1,0,0,121,122,27,17,0,2,1,3,15,6,1,0,0
25,32,171,168,175,173,1,1,0,0,122,122,26,49,0,7,1,2,15,24,1,0,0
24,34,171,166,175,174,1,1,0,0,122,121,23,36,0,4,1,0,13,28,1,0,0
24,36,171,169,175,178,1,1,0,0,117,118,20,46,0,3,1,0,11,23,1,0,0
23,32,171,170,175,180,1,1,0,0,117,117,19,20,0,3,1,1,11,12,1,0,0
21,22,168,171,171,175,1,1,0,0,117,117,20,14,2,0,0,1,10,6,0,1,0
22,28,171,168,175,178,1,1,0,0,119,121,13,4,0,1,1,0,5,2,1,0,0
20,21,171,161,175,168,1,1,0,0,119,118,8,6,0,1,1,0,2,4,1,0,0
20,38,171,160,175,168,1,1,0,0,119,117,7,27,0,14,1,1,2,18,1,0,0
19,22,171,163,175,173,1,1,0,0,117,117,5,5,0,2,1,1,2,2,1,0,0
19,24,171,165,175,173,1,1,0,0,117,117,4,7,0,8,1,2,2,5,1,0,0
19,25,171,165,175,173,1,1,0,0,112,116,1,2,0,0,1,0,1,1,1,0,0
18,26,171,160,175,180,1,1,0,0,115,115,0,0,0,1,0,0,0,0,1,0,0
25,30,177,173,183,173,0,0,1,1,149,152,16,26,0,1,0,0,13,14,1,0,0
38,36,173,166,183,170,1,1,0,0,145,146,47,57,0,5,0,2,26,38,1,0,0
33,39,166,170,170,170,0,0,1,1,147,143,54,54,4,6,2,1,38,39,0,1,0
28,33,168,166,175,170,1,1,0,0,147,146,28,54,0,3,0,2,12,38,1,0,0
32,38,166,170,170,170,0,0,1,1,143,142,53,53,3,5,2,1,38,39,1,0,0
32,39,166,174,170,180,0,0,1,1,145,147,52,46,3,6,2,1,38,39,1,0,0
30,29,166,170,170,170,0,0,1,1,144,145,49,34,3,1,2,0,37,27,1,0,0
30,30,166,171,170,165,0,0,1,1,138,140,48,45,3,1,2,0,36,32,1,0,0
35,29,179,166,185,170,1,1,0,0,142,145,39,47,5,3,0,2,30,35,0,1,0
29,34,166,170,170,170,0,0,1,1,129,130,45,48,3,3,2,1,34,35,1,0,0
28,33,166,168,170,178,0,0,1,1,130,130,44,63,3,5,2,0,34,42,1,0,0
27,30,166,173,170,183,0,0,1,1,129,129,42,48,3,4,2,0,32,34,1,0,0
26,30,166,170,170,170,0,0,1,1,130,130,39,42,3,10,2,2,30,31,1,0,0
25,30,166,170,170,170,0,0,1,1,125,125,38,42,2,2,1,0,29,33,0,0,1
24,29,166,168,170,178,0,0,1,1,125,126,37,57,2,3,1,0,28,40,1,0,0
23,33,166,166,170,170,0,0,1,1,120,122,33,44,2,3,1,0,24,32,1,0,0
22,29,166,168,170,175,0,0,1,1,121,122,32,33,2,1,0,1,23,22,1,0,0
21,26,166,169,170,68,0,0,1,1,122,122,26,41,2,5,0,0,17,32,1,0,0
20,30,166,166,170,67,0,0,1,1,116,115,24,7,1,4,0,0,15,4,1,0,0
33,24,180,180,196,193,0,0,1,1,168,168,14,11,1,1,0,0,11,6,1,0,0
32,30,180,171,196,184,0,0,1,1,168,164,13,16,0,15,0,2,10,6,0,1,0
29,33,180,180,196,182,0,0,1,1,167,167,5,12,0,12,0,3,5,4,1,0,0
30,27,165,168,157,165,1,1,0,0,127,127,23,33,1,3,0,1,14,24,1,0,0
25,30,174,169,174,175,1,1,0,0,140,140,26,34,0,2,0,0,16,32,1,0,0
24,25,174,174,174,180,1,1,0,0,139,139,23,26,0,2,0,0,14,18,1,0,0
23,39,174,170,174,178,1,1,0,0,139,140,20,33,0,7,0,1,14,25,1,0,0
21,27,174,175,174,183,1,1,0,0,140,139,14,28,0,6,0,2,9,24,1,0,0
20,28,174,170,174,170,1,1,0,0,143,145,8,14,0,5,0,0,7,5,1,0,0
23,36,165,167,169,172,1,1,0,0,115,115,11,32,0,9,0,1,9,13,1,0,0
23,31,165,165,169,170,1,1,0,0,115,115,10,38,0,7,0,1,8,18,1,0,0
23,25,165,163,169,168,1,1,0,0,115,114,9,20,0,2,0,5,8,8,1,0,0
22,32,165,165,169,170,1,1,0,0,115,114,8,24,0,6,0,1,7,21,1,0,0
20,28,165,162,169,163,1,1,0,0,108,108,5,29,0,2,0,1,4,18,1,0,0
20,26,165,168,169,171,1,1,0,0,108,108,3,18,0,1,0,1,3,8,1,0,0
23,28,164,170,163,175,0,0,1,1,127,127,17,32,0,3,0,0,10,30,1,0,0
23,23,164,173,163,178,0,0,1,1,126,128,16,9,0,1,0,0,10,3,1,0,0
22,31,164,168,163,173,0,0,1,1,128,128,14,21,0,18,0,1,9,10,1,0,0
21,20,164,170,163,173,0,0,1,1,126,127,4,4,0,3,0,0,2,4,1,0,0
20,23,164,170,163,163,0,0,1,1,127,125,0,3,0,2,0,0,0,0,1,0,0
25,33,170,173,177,173,1,1,0,0,147,147,21,40,0,8,1,1,14,29,1,0,0
25,28,170,173,177,173,1,1,0,0,150,150,20,25,0,0,1,0,14,14,1,0,0
23,31,170,175,177,182,1,1,0,0,144,146,17,25,0,4,0,0,13,14,1,0,0
31,24,164,168,168,170,1,1,0,0,126,126,30,35,2,1,1,1,15,25,1,0,0
31,29,164,168,168,173,1,1,0,0,126,124,29,28,2,1,1,0,15,21,1,0,0
29,27,164,170,168,166,1,1,0,0,128,131,27,25,1,4,1,0,14,15,1,0,0
32,27,165,164,178,168,0,0,1,1,126,126,44,25,4,0,0,1,35,13,0,1,0
23,22,164,165,168,175,1,1,0,0,119,120,17,14,0,5,0,0,10,11,1,0,0
21,33,164,173,168,170,1,1,0,0,116,117,11,30,0,5,0,0,7,20,1,0,0
20,35,164,168,168,173,1,1,0,0,118,119,8,5,0,5,0,0,5,2,1,0,0
20,26,164,164,168,168,1,1,0,0,121,121,7,14,0,5,0,1,5,10,1,0,0
19,33,164,157,168,157,1,1,0,0,120,121,5,3,0,0,0,0,4,2,1,0,0
28,26,180,180,184,178,1,1,0,0,167,168,25,16,1,0,0,0,19,10,1,0,0
21,35,163,166,168,170,0,0,1,1,122,122,15,36,0,11,0,1,11,27,1,0,0
21,33,163,163,168,170,0,0,1,1,123,121,11,14,0,8,0,0,8,6,1,0,0
20,30,163,165,168,175,0,0,1,1,122,122,9,12,0,4,0,4,6,5,1,0,0
20,23,163,165,168,165,0,0,1,1,122,122,7,5,0,7,0,0,5,5,1,0,0
20,25,163,160,168,170,0,0,1,1,121,123,6,5,0,1,0,0,4,1,1,0,0
33,34,183,183,180,184,1,1,0,0,175,175,31,30,0,1,0,1,15,26,1,0,0
32,33,183,183,180,184,1,1,0,0,175,175,30,30,0,0,0,1,15,26,1,0,0
31,27,183,185,184,188,1,1,0,0,174,174,24,19,0,0,1,1,22,6,1,0,0
29,34,183,189,184,193,1,1,0,0,175,175,19,21,0,4,1,1,17,8,1,0,0
29,27,183,180,184,191,1,1,0,0,173,175,18,12,0,1,1,0,16,8,1,0,0
27,39,183,183,184,185,1,1,0,0,174,173,13,15,0,6,0,0,11,10,1,0,0
27,33,183,183,184,188,1,1,0,0,174,176,10,22,0,5,0,0,9,16,1,0,0
33,22,160,163,166,165,1,1,0,0,108,108,35,18,1,2,4,1,21,12,1,0,0
31,26,160,169,166,173,1,1,0,0,108,108,32,19,1,1,4,1,18,10,1,0,0
31,27,160,160,166,156,1,1,0,0,108,108,31,33,1,9,4,2,17,23,1,0,0
30,25,160,169,166,173,1,1,0,0,108,108,31,16,1,1,3,0,17,8,0,0,1
29,29,160,174,166,180,1,1,0,0,108,108,28,16,1,2,3,1,16,9,1,0,0
27,20,160,162,166,162,1,1,0,0,107,107,25,15,1,1,3,0,14,12,1,0,0
27,28,160,168,166,160,1,1,0,0,105,105,24,27,1,3,3,1,14,12,1,0,0
25,29,160,157,166,160,1,1,0,0,105,105,21,20,1,0,3,0,13,15,1,0,0
22,22,162,160,183,166,1,1,0,0,108,114,13,11,3,0,0,1,9,8,1,0,0
21,22,156,160,165,166,1,1,0,0,108,108,6,9,2,0,0,1,4,6,0,1,0
24,36,189,175,191,183,0,0,1,1,168,168,33,44,0,4,0,0,24,29,1,0,0
24,35,189,177,191,183,0,0,1,1,168,168,31,27,0,4,0,1,24,14,1,0,0
22,33,189,183,191,191,0,0,1,1,168,167,27,33,0,6,0,0,21,25,1,0,0
22,29,189,168,191,188,0,0,1,1,165,165,25,20,0,10,0,1,20,13,1,0,0
26,36,182,183,185,203,1,1,0,0,161,161,24,15,1,7,0,3,21,10,1,0,0
30,23,180,182,178,185,1,1,0,0,160,159,16,20,0,0,0,0,13,17,1,0,0
22,35,182,171,185,184,1,1,0,0,162,162,16,20,0,3,0,0,14,12,1,0,0
22,30,182,170,185,178,1,1,0,0,163,162,15,19,0,1,0,2,14,12,1,0,0
21,31,182,175,185,183,1,1,0,0,162,165,12,14,0,3,0,0,11,3,1,0,0
21,23,182,188,185,196,1,1,0,0,163,158,4,5,0,7,0,0,4,3,1,0,0
20,36,182,170,185,198,1,1,0,0,163,160,1,1,0,1,0,0,1,1,1,0,0
20,24,182,173,185,178,1,1,0,0,163,161,0,1,0,1,0,0,0,1,1,0,0
42,25,168,183,183,187,1,1,0,0,153,153,34,21,5,0,0,0,19,16,0,1,0
24,23,183,180,187,180,1,1,0,0,157,155,20,12,0,2,0,1,16,10,1,0,0
24,37,183,174,187,180,1,1,0,0,154,154,19,22,0,2,0,0,15,9,1,0,0
23,35,183,173,187,177,1,1,0,0,158,158,17,22,0,12,0,1,13,14,1,0,0
19,21,183,183,187,196,1,1,0,0,150,150,5,3,0,5,0,1,2,3,1,0,0
28,33,168,170,173,178,1,1,0,0,138,139,34,24,0,2,0,0,28,14,1,0,0
22,26,168,168,173,163,1,1,0,0,126,126,20,22,0,6,0,5,17,14,1,0,0
20,32,168,168,173,183,1,1,0,0,127,127,14,34,0,6,0,0,12,23,1,0,0
20,28,168,165,173,168,1,1,0,0,130,130,10,5,0,3,0,1,8,0,1,0,0
18,23,168,170,173,175,1,1,0,0,127,126,3,4,0,9,0,6,2,1,1,0,0
26,27,178,175,183,178,0,0,1,1,130,130,17,16,0,1,0,3,15,6,1,0,0
26,30,178,170,183,175,0,0,1,1,130,130,16,26,0,3,0,0,14,18,1,0,0
25,22,178,173,183,178,0,0,1,1,131,129,14,18,0,5,0,0,12,9,1,0,0
24,27,178,173,183,183,0,0,1,1,130,129,8,7,0,1,0,2,6,5,1,0,0
28,27,173,168,175,169,1,1,0,0,137,132,36,26,3,11,0,0,23,16,1,0,0
27,30,173,180,175,188,1,1,0,0,135,135,32,16,3,7,0,3,20,7,1,0,0
25,37,173,165,175,165,1,1,0,0,133,133,29,44,1,7,0,0,18,30,1,0,0
24,38,173,166,175,178,1,1,0,0,130,129,27,34,1,7,0,0,18,15,1,0,0
22,26,173,174,175,174,1,1,0,0,126,126,24,22,0,6,0,2,15,9,1,0,0
21,30,173,170,175,177,1,1,0,0,126,126,23,59,0,5,0,1,14,37,1,0,0
21,23,173,168,175,163,1,1,0,0,128,128,21,14,0,3,0,1,12,11,1,0,0
32,30,170,168,174,177,0,0,1,1,118,117,23,35,0,3,2,1,17,12,1,0,0
29,36,170,166,174,164,0,0,1,1,118,118,15,37,0,4,2,1,11,27,1,0,0
29,26,170,166,174,168,0,0,1,1,118,118,14,24,0,2,2,0,10,18,1,0,0
28,31,170,163,174,170,0,0,1,1,119,119,12,11,0,2,2,0,8,4,1,0,0
27,27,175,175,188,178,0,0,1,1,153,152,15,17,0,4,0,1,10,5,0,0,1
26,29,175,171,188,184,0,0,1,1,155,153,6,16,0,11,0,2,4,6,1,0,0
24,28,174,170,175,165,1,1,0,0,125,126,11,22,1,8,0,0,3,9,1,0,0
24,31,192,191,193,203,1,1,0,0,199,200,25,22,0,0,0,0,18,21,1,0,0
21,35,192,183,193,191,1,1,0,0,197,198,20,25,0,6,0,2,14,14,1,0,0
26,26,182,173,183,185,1,1,0,0,167,166,20,17,2,3,0,0,15,10,1,0,0
29,34,185,180,185,191,1,1,0,0,170,170,13,17,0,7,0,0,9,17,1,0,0
28,35,185,183,185,198,1,1,0,0,171,173,8,10,0,4,0,0,7,7,1,0,0
27,34,188,196,191,193,1,1,0,0,226,255,10,37,0,11,0,1,8,15,1,0,0
27,35,160,161,163,170,1,1,0,0,111,112,42,51,0,8,0,0,36,30,1,0,0
27,28,160,160,163,166,1,1,0,0,112,111,40,33,0,7,0,2,34,19,1,0,0
27,31,160,160,163,165,1,1,0,0,112,112,39,20,0,3,0,0,33,10,1,0,0
26,28,160,166,163,172,1,1,0,0,113,113,36,32,0,6,0,1,30,23,1,0,0
23,29,160,168,163,160,1,1,0,0,108,108,27,30,0,7,0,1,23,15,1,0,0
23,28,180,182,185,182,1,1,0,0,153,154,22,21,0,7,0,0,11,13,1,0,0
25,27,163,160,168,152,1,1,0,0,112,112,32,39,2,5,0,1,23,28,1,0,0
24,32,163,160,168,168,1,1,0,0,112,112,29,32,2,3,0,1,21,28,1,0,0
24,26,163,165,168,168,1,1,0,0,112,112,28,27,2,3,0,1,20,6,1,0,0
20,26,163,162,168,165,1,1,0,0,116,116,14,12,0,8,0,4,12,5,1,0,0
29,32,165,172,169,178,1,1,0,0,135,135,49,23,11,5,0,1,37,19,1,0,0
24,26,173,165,173,169,1,1,0,0,130,130,20,38,3,10,0,0,18,28,1,0,0
25,28,165,164,169,170,1,1,0,0,135,136,35,25,8,10,0,1,27,17,1,0,0
25,37,165,173,169,170,1,1,0,0,129,128,32,30,7,8,0,0,24,20,1,0,0
24,24,168,165,175,169,1,1,0,0,126,126,22,28,2,6,0,0,14,20,1,0,0
24,22,170,165,168,169,1,1,0,0,127,127,22,25,3,3,0,0,16,17,1,0,0
28,22,173,165,175,169,1,1,0,0,129,129,35,25,1,2,2,0,26,17,1,0,0
21,37,165,159,169,160,1,1,0,0,124,124,20,49,0,19,0,1,14,29,1,0,0
20,34,165,168,169,171,1,1,0,0,125,124,16,56,0,16,0,3,12,40,1,0,0
20,32,165,159,169,170,1,1,0,0,122,124,15,32,0,10,0,0,11,15,1,0,0
19,34,165,159,169,160,1,1,0,0,124,122,8,48,0,17,0,1,5,28,1,0,0
18,23,165,165,169,170,1,1,0,0,126,127,7,19,0,7,0,2,4,12,1,0,0
35,32,188,193,185,201,1,1,0,0,178,177,18,8,1,1,0,0,13,4,1,0,0
32,34,183,188,180,185,1,1,0,0,174,175,28,17,0,0,0,0,15,12,1,0,0
33,32,188,179,185,178,1,1,0,0,172,174,16,27,0,2,0,1,11,17,1,0,0
32,35,188,180,185,183,1,1,0,0,175,174,13,18,0,4,0,0,8,12,1,0,0
35,29,185,188,201,185,1,1,0,0,196,197,30,6,11,0,1,0,26,5,0,1,0
25,35,183,183,192,191,1,1,0,0,180,179,1,17,0,21,0,3,1,9,1,0,0
30,24,168,164,171,169,1,1,0,0,108,108,25,18,2,1,2,0,11,12,1,0,0
29,28,168,156,171,159,1,1,0,0,108,108,24,24,2,1,1,3,11,15,1,0,0
28,39,168,155,171,157,1,1,0,0,108,108,20,32,2,8,1,0,8,13,1,0,0
24,27,168,162,171,163,1,1,0,0,108,108,15,9,1,1,0,1,6,1,1,0,0
21,38,163,157,168,168,1,1,0,0,116,116,13,28,0,40,0,2,13,16,1,0,0
24,45,185,177,194,178,1,1,0,0,153,157,14,23,0,11,0,2,8,11,1,0,0
23,36,185,180,194,182,1,1,0,0,157,158,9,14,0,10,0,0,5,11,1,0,0
22,32,180,170,193,178,1,1,0,0,135,135,5,11,0,8,0,1,5,4,1,0,0
31,23,155,178,157,183,1,1,0,0,117,118,19,12,7,2,0,1,1,5,0,1,0
20,21,178,173,183,171,1,1,0,0,115,116,5,4,0,2,1,0,0,1,1,0,0
32,32,173,169,178,168,1,1,0,0,130,130,23,25,1,3,2,0,17,15,1,0,0
29,31,173,166,178,175,1,1,0,0,129,130,19,34,0,3,1,0,13,31,1,0,0
29,26,173,178,178,180,1,1,0,0,130,130,18,17,0,1,1,0,13,8,1,0,0
28,25,173,168,178,170,1,1,0,0,130,129,16,16,0,0,1,0,13,7,1,0,0
25,19,173,170,178,173,1,1,0,0,131,132,0,2,0,0,0,0,0,1,1,0,0
20,25,164,163,161,166,1,1,0,0,105,105,5,11,0,1,0,0,2,9,1,0,0
19,27,164,162,161,154,1,1,0,0,105,105,4,24,0,1,0,0,2,13,1,0,0
19,21,164,160,161,165,1,1,0,0,105,105,2,17,0,7,0,2,0,4,1,0,0
31,34,201,198,211,208,1,1,0,0,222,239,37,18,0,0,0,1,36,12,1,0,0
29,36,201,188,211,196,1,1,0,0,219,239,32,24,0,1,0,1,32,21,1,0,0
28,37,201,188,211,193,1,1,0,0,224,247,31,25,0,16,0,4,31,11,1,0,0
28,33,201,193,211,206,1,1,0,0,227,238,30,36,0,1,0,1,30,13,1,0,0
27,37,201,193,211,189,1,1,0,0,224,232,28,25,0,5,0,0,28,16,1,0,0
27,35,201,188,211,188,1,1,0,0,225,240,26,15,0,8,0,0,26,13,1,0,0
26,36,201,187,211,198,1,1,0,0,217,243,22,29,0,10,0,0,22,20,1,0,0
24,34,201,189,211,213,1,1,0,0,217,222,12,17,0,20,0,2,12,11,1,0,0
24,26,201,183,211,203,1,1,0,0,218,291,9,4,0,7,0,5,9,0,1,0,0
25,28,166,168,168,179,1,1,0,0,126,125,19,26,0,0,0,0,17,23,1,0,0
23,33,166,168,168,175,1,1,0,0,129,130,9,10,0,4,0,1,9,1,1,0,0
22,24,166,170,168,175,1,1,0,0,128,128,2,1,0,2,0,0,2,0,1,0,0
23,30,178,175,180,180,1,1,0,0,148,147,19,18,0,1,0,1,9,4,1,0,0
22,35,178,168,180,183,1,1,0,0,142,138,15,39,0,14,0,1,8,25,1,0,0
21,32,178,180,180,188,1,1,0,0,143,145,14,29,0,5,0,1,7,19,1,0,0
21,28,178,175,180,178,1,1,0,0,140,141,12,17,0,8,0,2,7,2,1,0,0
20,31,178,175,180,168,1,1,0,0,142,141,9,26,0,14,0,1,4,15,1,0,0
20,20,178,168,180,178,1,1,0,0,140,141,5,6,0,1,0,0,2,2,1,0,0
35,42,193,191,213,198,0,0,1,1,233,229,20,35,0,10,0,2,17,20,1,0,0
32,36,193,185,213,201,0,0,1,1,236,215,14,32,0,13,0,1,12,28,1,0,0
37,32,179,193,191,213,1,1,0,0,234,224,22,10,9,0,1,0,18,8,0,1,0
31,23,162,173,173,178,0,0,1,1,122,122,10,22,0,1,0,0,8,15,1,0,0
31,25,162,168,173,183,0,0,1,1,122,122,9,17,0,1,0,2,7,7,1,0,0
29,34,162,163,173,168,0,0,1,1,122,122,5,33,0,18,0,2,4,26,1,0,0
30,29,188,183,195,191,1,1,0,0,198,199,38,24,2,0,1,0,26,15,0,1,0
26,23,183,193,191,196,0,0,1,1,198,200,17,14,0,1,0,0,11,9,1,0,0
22,20,163,161,164,162,0,0,1,1,118,118,25,15,2,3,0,4,9,7,1,0,0
21,20,163,163,168,164,1,1,0,0,113,114,19,21,2,1,2,0,15,8,1,0,0
19,23,163,163,164,163,0,0,1,1,114,113,16,4,1,4,0,0,5,3,1,0,0
28,30,175,175,180,178,0,0,1,1,134,134,13,23,1,4,0,1,11,12,1,0,0
28,21,180,178,187,175,1,1,0,0,141,143,17,15,0,1,0,1,9,9,1,0,0
28,32,180,171,185,169,1,1,0,0,130,130,20,52,0,5,0,3,12,8,1,0,0
25,21,180,170,185,170,1,1,0,0,130,130,14,15,0,0,0,0,11,3,1,0,0
31,27,191,187,188,188,1,1,0,0,199,199,22,28,2,1,1,0,14,14,1,0,0
30,25,191,188,188,185,1,1,0,0,174,173,19,20,1,1,0,1,12,9,0,0,1
32,25,165,155,166,155,0,0,1,1,108,108,23,16,5,8,0,4,15,11,1,0,0
25,30,160,165,163,166,0,0,1,1,105,105,30,20,4,4,6,0,20,14,1,0,0
28,29,185,191,187,188,0,0,1,1,154,154,22,25,0,2,0,1,15,15,1,0,0
23,40,185,178,187,185,0,0,1,1,157,156,13,28,0,12,0,0,9,16,1,0,0
30,24,163,168,165,169,0,0,1,1,115,114,17,24,0,1,0,1,8,16,0,1,0
20,29,168,170,169,165,0,0,1,1,114,114,14,12,1,3,1,2,6,11,1,0,0
26,28,175,170,183,172,0,0,1,1,114,115,18,19,3,0,0,1,16,3,1,0,0
22,23,166,171,171,177,0,0,1,1,132,130,18,19,0,0,0,1,17,13,1,0,0
22,31,166,171,171,168,0,0,1,1,130,130,17,21,0,0,0,0,16,14,1,0,0
25,27,187,185,192,173,1,1,0,0,159,163,24,22,0,0,0,0,12,7,0,1,0
30,29,169,175,175,183,1,1,0,0,141,140,33,31,2,1,0,1,31,16,1,0,0
29,31,175,175,183,188,1,1,0,0,139,140,30,28,1,5,1,0,15,16,1,0,0
25,27,174,175,180,183,1,1,0,0,140,139,26,29,1,1,0,1,18,15,0,1,0
23,26,175,175,178,183,0,0,1,1,140,141,28,28,2,1,1,0,22,14,0,0,1
26,25,168,175,175,183,1,1,0,0,139,138,24,27,0,0,0,0,11,13,1,0,0
24,33,175,168,183,178,1,1,0,0,140,140,25,19,0,1,0,0,12,11,1,0,0
24,31,175,173,183,183,1,1,0,0,141,141,24,24,0,13,0,3,11,8,1,0,0
22,29,175,178,183,180,1,1,0,0,141,141,19,17,0,5,0,1,8,5,1,0,0
22,22,175,173,183,178,1,1,0,0,141,140,18,24,0,25,0,2,8,6,1,0,0
22,25,175,173,183,170,1,1,0,0,141,142,16,16,0,2,0,1,7,3,1,0,0
21,25,175,170,183,183,1,1,0,0,144,146,13,11,0,3,0,0,6,1,1,0,0
21,26,175,165,183,170,1,1,0,0,138,144,8,7,0,8,0,1,5,3,1,0,0
21,30,175,175,185,178,1,1,0,0,145,146,8,20,0,12,0,1,4,4,1,0,0
21,29,175,170,185,185,1,1,0,0,145,146,4,5,0,4,0,1,2,4,1,0,0
23,28,168,174,163,178,0,0,1,1,126,126,19,23,0,1,0,1,11,16,1,0,0
21,23,168,163,163,169,0,0,1,1,124,122,8,5,0,3,0,0,6,4,1,0,0
21,30,168,162,163,165,0,0,1,1,122,121,7,18,0,12,0,4,5,10,1,0,0
26,35,187,180,192,184,0,0,1,1,174,174,19,28,0,0,0,0,14,17,1,0,0
24,36,187,189,192,193,0,0,1,1,175,178,15,25,0,7,0,1,11,12,1,0,0
21,23,168,170,170,183,0,0,1,1,128,127,11,17,1,1,0,0,2,11,1,0,0
25,32,168,179,175,180,1,1,0,0,141,140,29,27,1,5,0,0,22,22,1,0,0
22,25,168,168,175,178,1,1,0,0,130,130,22,23,0,0,0,2,18,7,1,0,0
21,22,168,175,175,180,1,1,0,0,138,134,16,11,0,1,0,1,13,5,1,0,0
20,22,168,165,175,173,1,1,0,0,130,129,15,10,0,4,0,3,12,3,1,0,0
20,23,168,173,175,178,1,1,0,0,136,137,13,9,0,7,0,3,10,1,1,0,0
22,29,166,166,161,172,1,1,0,0,118,118,28,32,1,9,0,1,26,23,1,0,0
17,22,166,165,161,175,1,1,0,0,112,113,10,5,0,1,0,1,9,1,1,0,0
35,35,166,168,165,174,1,1,0,0,133,133,26,23,1,12,0,0,17,13,0,1,0
24,32,170,168,180,174,1,1,0,0,127,128,23,21,0,11,0,0,10,12,0,1,0
29,30,168,171,174,170,1,1,0,0,126,126,14,12,10,1,0,0,8,8,1,0,0
22,23,163,163,163,170,1,1,0,0,108,108,16,18,2,0,0,1,10,13,1,0,0
26,30,178,178,177,183,0,0,1,1,139,138,10,39,0,5,0,0,9,15,1,0,0
26,27,178,180,177,185,0,0,1,1,142,140,7,8,0,2,0,1,7,3,1,0,0
34,30,173,171,175,182,1,1,0,0,134,134,18,27,0,8,0,1,15,23,1,0,0
32,36,173,168,175,183,1,1,0,0,135,135,12,42,0,15,0,1,9,27,1,0,0
23,34,180,175,184,188,1,1,0,0,153,153,14,30,0,6,1,0,8,20,1,0,0
23,37,180,179,184,185,1,1,0,0,155,154,12,33,0,4,1,1,7,19,1,0,0
21,29,180,173,184,193,1,1,0,0,154,154,6,2,0,5,1,1,4,1,1,0,0
20,26,180,173,184,178,1,1,0,0,154,149,5,26,0,44,0,2,4,6,1,0,0
20,26,157,170,168,170,1,1,0,0,127,130,4,5,0,9,0,2,2,1,1,0,0
28,31,166,163,173,169,1,1,0,0,118,118,25,44,1,2,0,2,17,34,1,0,0
27,28,166,168,173,160,1,1,0,0,115,114,22,27,1,4,0,1,14,12,1,0,0
25,26,166,166,173,169,1,1,0,0,112,111,19,23,1,1,0,0,12,15,1,0,0
25,29,166,166,173,170,1,1,0,0,111,111,18,35,1,2,0,1,11,26,1,0,0
31,24,166,166,164,173,0,0,1,1,112,112,28,17,0,1,0,0,22,10,0,1,0
24,36,166,168,173,173,1,1,0,0,115,116,16,5,1,9,0,0,9,2,1,0,0
23,31,166,168,173,168,1,1,0,0,115,115,15,35,1,27,0,1,9,18,1,0,0
25,27,191,188,197,197,1,1,0,0,168,168,14,8,0,2,0,0,11,5,1,0,0
24,23,191,185,197,183,1,1,0,0,168,167,12,10,0,2,0,0,10,6,1,0,0
23,28,191,180,197,188,1,1,0,0,168,170,4,3,0,8,0,2,4,2,1,0,0
23,34,191,185,197,185,1,1,0,0,165,165,1,0,0,3,0,0,1,0,1,0,0
26,34,164,163,164,170,0,0,1,1,117,119,8,15,0,9,0,0,3,6,1,0,0
30,42,175,175,171,182,1,1,0,0,159,159,8,44,0,13,0,0,6,18,1,0,0
30,34,175,173,171,173,1,1,0,0,168,167,7,8,0,1,0,1,5,4,1,0,0
29,34,175,180,171,187,1,1,0,0,159,160,5,28,0,6,0,1,4,12,1,0,0
33,25,166,170,165,170,1,1,0,0,133,133,24,16,1,1,0,1,17,3,1,0,0
30,28,166,169,165,173,1,1,0,0,130,130,21,34,0,3,0,4,16,26,1,0,0
29,31,166,165,165,178,1,1,0,0,127,127,20,41,0,3,0,0,16,34,1,0,0
28,29,166,168,165,170,1,1,0,0,126,126,18,35,0,10,0,2,15,23,1,0,0
27,30,166,168,165,178,1,1,0,0,126,127,12,27,0,2,0,0,10,18,1,0,0
25,28,166,170,165,183,1,1,0,0,126,124,4,17,0,4,0,1,3,14,1,0,0
30,32,183,174,188,179,1,1,0,0,160,162,8,24,0,10,0,1,5,10,1,0,0
28,27,183,177,188,173,1,1,0,0,161,162,5,24,0,4,0,3,4,8,1,0,0
28,35,168,173,170,173,1,1,0,0,135,134,32,31,1,7,0,1,24,19,0,1,0
34,23,173,168,173,170,1,1,0,0,137,138,29,16,7,2,1,0,17,8,1,0,0
22,29,169,173,173,173,1,1,0,0,135,134,19,24,0,4,0,0,12,16,1,0,0
29,23,170,173,169,173,0,0,1,1,129,131,10,16,1,2,1,0,6,8,1,0,0
21,25,173,168,173,180,1,1,0,0,126,126,9,8,2,2,0,2,6,6,1,0,0
25,28,174,174,170,173,1,1,0,0,135,135,23,29,2,6,0,1,9,15,0,1,0
35,23,168,174,175,170,1,1,0,0,130,131,36,14,3,2,1,0,24,5,0,1,0
26,32,165,157,169,161,1,1,0,0,112,112,18,36,1,2,0,0,10,19,1,0,0
26,31,165,157,169,161,1,1,0,0,112,112,16,35,1,1,0,0,10,19,1,0,0
25,29,157,153,161,158,1,1,0,0,108,108,20,20,1,6,0,2,11,12,1,0,0
26,34,189,188,196,201,1,1,0,0,176,176,24,26,2,7,0,0,14,23,1,0,0
25,34,189,189,196,193,1,1,0,0,173,175,23,22,2,5,0,1,13,9,1,0,0
22,23,189,185,196,185,1,1,0,0,173,175,13,15,2,1,0,0,4,8,1,0,0
22,22,189,175,196,178,1,1,0,0,172,170,12,7,2,1,0,0,3,6,1,0,0
21,36,189,183,196,188,1,1,0,0,168,167,11,11,2,13,0,1,3,6,1,0,0
24,20,168,189,188,196,1,1,0,0,159,160,11,10,2,1,0,0,6,3,1,0,0
20,25,189,170,196,175,1,1,0,0,160,159,8,5,1,1,0,0,3,0,1,0,0
27,25,168,170,174,183,0,0,1,1,133,132,30,17,1,0,1,0,22,12,1,0,0
26,31,168,175,174,178,0,0,1,1,130,130,28,19,0,1,1,0,20,12,1,0,0
27,25,165,168,169,174,1,1,0,0,130,129,34,27,1,0,0,1,18,20,0,1,0
22,35,168,165,174,173,0,0,1,1,129,128,19,39,0,13,0,3,14,23,1,0,0
21,22,168,168,174,175,0,0,1,1,126,124,13,8,0,1,0,2,10,2,1,0,0
20,32,168,168,174,180,0,0,1,1,126,126,5,10,0,20,0,4,5,7,1,0,0
28,33,183,176,185,178,1,1,0,0,159,160,20,25,0,2,0,0,7,21,1,0,0
26,28,183,178,185,173,1,1,0,0,169,166,14,7,0,2,0,1,5,4,1,0,0
23,24,188,192,185,194,1,1,0,0,170,171,15,19,1,0,1,0,8,10,1,0,0
24,26,161,161,162,166,1,1,0,0,105,104,8,30,0,2,0,1,6,17,1,0,0
26,30,170,175,170,178,1,1,0,0,141,140,8,16,0,1,0,1,6,12,1,0,0
32,33,168,179,168,180,1,1,0,0,140,140,25,28,4,6,0,0,18,23,0,1,0
26,27,170,179,173,180,1,1,0,0,135,135,18,20,0,1,1,0,10,16,0,1,0
27,39,179,168,180,168,1,1,0,0,136,139,18,30,1,34,0,6,14,17,1,0,0
26,29,179,179,180,170,1,1,0,0,134,133,18,26,0,4,0,1,14,14,0,1,0
26,37,179,175,180,175,1,1,0,0,136,137,17,30,0,6,0,1,13,17,1,0,0
26,33,179,169,180,168,1,1,0,0,132,128,16,25,0,6,0,1,12,14,1,0,0
25,24,179,170,180,175,1,1,0,0,133,132,9,5,0,15,0,7,7,1,1,0,0
27,26,165,175,170,175,1,1,0,0,130,131,16,19,1,7,3,0,12,5,1,0,0
27,26,165,165,170,165,1,1,0,0,132,133,14,12,1,11,3,0,10,9,1,0,0
26,32,165,168,170,173,1,1,0,0,129,130,12,5,1,15,3,3,8,1,1,0,0
32,29,185,185,191,188,0,0,1,1,169,167,24,22,2,1,0,1,16,6,1,0,0
22,23,185,188,191,193,0,0,1,1,168,168,6,7,0,3,0,0,4,4,1,0,0
27,31,183,175,180,183,1,1,0,0,167,168,23,32,0,2,0,0,13,26,1,0,0
28,27,175,178,183,197,1,1,0,0,166,165,26,30,0,2,0,0,21,26,1,0,0
27,27,175,183,183,175,1,1,0,0,160,159,22,20,0,0,0,0,17,9,1,0,0
36,26,164,163,177,163,1,1,0,0,112,112,17,21,0,3,0,0,5,13,0,1,0
35,25,164,163,177,163,1,1,0,0,112,112,15,21,0,2,0,0,5,13,1,0,0
20,27,163,174,163,180,1,1,0,0,107,108,14,12,0,1,0,1,8,8,0,1,0
24,32,166,182,171,178,1,1,0,0,123,123,13,24,2,15,1,4,5,19,1,0,0
33,24,163,160,168,168,1,1,0,0,113,112,32,9,4,7,0,0,19,4,1,0,0
31,36,163,160,168,164,1,1,0,0,112,112,30,31,3,4,0,2,17,13,1,0,0
31,29,163,160,168,168,1,1,0,0,112,112,29,28,3,1,0,1,16,24,1,0,0
29,26,163,165,168,168,1,1,0,0,108,108,26,20,2,4,0,0,15,14,0,1,0
27,32,163,160,168,165,1,1,0,0,112,112,22,15,2,12,0,2,13,4,1,0,0
26,27,163,161,168,170,1,1,0,0,108,108,19,26,1,5,0,0,12,14,0,1,0
25,30,163,160,168,164,1,1,0,0,108,108,19,24,0,2,0,1,12,11,0,1,0
24,28,163,157,168,173,1,1,0,0,108,108,17,25,0,4,0,1,11,16,1,0,0
23,33,163,160,168,152,1,1,0,0,112,112,13,30,0,9,0,2,8,20,1,0,0
21,26,163,159,168,157,1,1,0,0,113,114,5,22,0,26,0,0,3,10,1,0,0
39,27,181,182,181,179,0,0,1,1,167,166,48,22,3,0,0,0,35,15,1,0,0
22,28,181,177,181,183,0,0,1,1,172,173,17,75,0,12,0,1,14,39,1,0,0
33,33,168,165,170,164,1,1,0,0,130,130,42,53,12,4,2,1,29,33,1,0,0
27,30,166,168,175,170,0,0,1,1,126,125,30,35,0,11,0,2,27,23,0,1,0
27,31,168,165,170,173,1,1,0,0,126,126,32,36,9,11,2,1,21,23,0,1,0
27,35,168,168,170,173,1,1,0,0,126,126,29,41,9,3,2,0,19,38,1,0,0
31,23,170,168,170,170,1,1,0,0,126,126,42,23,2,8,1,2,33,15,1,0,0
23,24,168,164,170,168,1,1,0,0,127,126,22,14,8,4,2,1,14,10,1,0,0
22,35,168,165,170,168,1,1,0,0,128,131,21,24,8,8,2,1,14,15,1,0,0
22,31,168,170,170,173,1,1,0,0,128,127,20,17,8,1,2,2,13,12,1,0,0
21,31,168,175,170,178,1,1,0,0,131,131,16,38,8,3,2,0,10,30,1,0,0
21,31,168,169,170,175,1,1,0,0,131,130,14,17,8,0,2,1,9,10,1,0,0
28,21,173,168,173,170,1,1,0,0,133,135,47,14,4,7,1,2,33,9,1,0,0
20,16,170,168,175,170,1,1,0,0,119,118,5,4,0,1,0,0,3,1,1,0,0
20,15,170,168,175,170,1,1,0,0,119,121,0,0,0,0,0,0,0,0,1,0,0
27,34,171,175,185,180,1,1,0,0,146,146,26,33,0,5,1,1,18,18,1,0,0
25,29,171,178,185,180,1,1,0,0,151,149,25,31,0,5,1,1,18,23,1,0,0
23,31,171,173,185,180,1,1,0,0,135,135,21,24,0,2,1,1,17,16,1,0,0
22,26,171,178,185,175,1,1,0,0,139,138,15,12,0,6,1,2,12,6,1,0,0
21,23,171,178,185,178,1,1,0,0,138,135,12,6,0,6,1,1,9,2,1,0,0
18,28,171,170,185,173,1,1,0,0,138,139,2,3,0,11,0,1,2,2,1,0,0
31,34,183,183,188,191,0,0,1,1,167,168,23,28,1,3,1,2,14,18,0,1,0
30,33,183,173,191,175,1,1,0,0,163,160,23,24,1,4,2,1,14,13,1,0,0
29,34,183,178,191,178,1,1,0,0,164,164,20,44,1,14,1,0,12,24,1,0,0
29,34,183,170,191,178,1,1,0,0,162,168,19,19,1,16,1,3,11,12,1,0,0
29,29,158,160,166,165,1,1,0,0,108,108,36,31,2,2,0,0,13,10,1,0,0
26,24,158,163,166,168,1,1,0,0,111,111,30,11,1,5,0,2,12,8,1,0,0
25,24,158,161,166,166,1,1,0,0,111,111,29,29,1,2,0,0,12,18,1,0,0
23,25,158,163,166,165,1,1,0,0,112,112,25,28,0,9,0,3,9,22,1,0,0
21,37,158,160,166,150,1,1,0,0,106,106,17,62,0,6,0,5,5,32,1,0,0
29,34,156,168,168,176,1,1,0,0,122,121,22,21,0,5,0,1,15,13,0,1,0
28,26,170,178,178,185,1,1,0,0,142,140,24,23,0,5,0,0,16,19,1,0,0
27,24,170,171,178,165,1,1,0,0,141,141,21,18,0,3,0,0,15,12,1,0,0
26,34,170,179,178,170,1,1,0,0,141,140,19,32,0,8,0,1,15,16,1,0,0
27,44,171,174,174,180,1,1,0,0,146,146,21,49,1,9,1,1,11,41,1,0,0
37,28,181,177,185,183,1,1,0,0,168,167,39,14,5,0,3,0,18,10,1,0,0
21,32,177,178,183,173,1,1,0,0,167,168,0,4,0,4,0,0,0,2,1,0,0
27,32,183,184,188,193,0,0,1,1,168,167,16,22,1,3,0,1,11,10,1,0,0
31,34,166,171,170,175,0,0,1,1,142,142,16,23,0,1,0,0,8,4,1,0,0
25,32,166,168,170,170,0,0,1,1,140,137,0,2,0,7,0,0,0,2,1,0,0
29,34,173,168,180,183,0,0,1,1,154,153,25,27,4,3,1,0,15,16,0,1,0
33,31,168,175,183,183,1,1,0,0,149,148,24,20,2,3,0,1,14,13,1,0,0
33,35,168,175,183,175,1,1,0,0,150,149,23,22,2,12,0,2,13,12,1,0,0
28,32,171,168,173,183,1,1,0,0,150,149,31,23,3,1,0,0,9,13,1,0,0
32,32,168,173,183,185,1,1,0,0,148,144,21,35,1,3,0,0,13,16,1,0,0
25,32,178,168,188,183,0,0,1,1,153,153,15,21,0,0,0,0,9,13,1,0,0
31,31,168,175,183,183,1,1,0,0,153,154,20,44,0,11,0,1,12,23,1,0,0
31,26,168,165,183,180,1,1,0,0,156,159,17,6,0,3,0,0,9,5,1,0,0
34,26,169,171,175,165,1,1,0,0,147,147,37,20,4,4,0,0,34,14,1,0,0
29,32,169,170,175,175,1,1,0,0,139,139,31,30,2,0,0,0,29,14,1,0,0
33,28,171,169,183,175,0,0,1,1,140,139,39,27,6,0,0,0,27,25,1,0,0
27,31,169,180,175,188,1,1,0,0,142,143,25,29,0,3,0,1,23,19,1,0,0
28,35,188,177,178,179,1,1,0,0,146,146,20,36,1,4,0,0,9,19,1,0,0
25,29,188,168,178,173,1,1,0,0,147,147,12,16,0,13,0,1,6,13,1,0,0
24,33,188,173,178,175,1,1,0,0,148,152,7,6,0,2,0,2,5,3,1,0,0
23,24,188,173,178,183,1,1,0,0,147,147,5,5,0,11,0,0,4,0,1,0,0
26,23,168,168,173,173,1,1,0,0,122,121,24,19,0,0,0,0,14,9,0,1,0
19,30,168,170,173,165,1,1,0,0,124,122,5,15,0,9,0,2,4,13,1,0,0
38,32,173,169,183,174,1,1,0,0,145,146,48,30,0,3,0,0,26,23,1,0,0
29,30,169,177,174,183,1,1,0,0,147,147,28,27,2,8,0,3,22,17,0,1,0
27,31,169,175,174,188,1,1,0,0,145,147,26,29,0,1,0,0,20,20,1,0,0
23,31,169,178,174,178,1,1,0,0,146,147,18,30,0,10,0,2,16,21,1,0,0
22,33,169,180,174,183,1,1,0,0,147,149,13,37,0,25,0,2,11,33,1,0,0
22,32,169,178,174,185,1,1,0,0,148,153,10,14,0,6,0,1,8,9,1,0,0
29,39,201,185,207,201,1,1,0,0,261,221,12,40,0,19,0,1,11,34,1,0,0
28,41,201,183,207,180,1,1,0,0,250,233,11,27,0,13,0,1,10,16,1,0,0
28,27,201,192,207,195,1,1,0,0,254,229,9,19,0,7,0,0,9,13,1,0,0
28,28,201,189,207,201,1,1,0,0,251,246,5,16,0,2,0,0,5,8,1,0,0
34,29,169,170,175,168,1,1,0,0,129,126,60,29,10,7,0,3,50,9,1,0,0
32,33,163,169,170,175,1,1,0,0,129,129,25,58,4,9,0,0,16,49,1,0,0
33,35,169,164,175,168,1,1,0,0,126,126,56,64,8,7,0,2,47,49,1,0,0
31,29,170,169,170,175,1,1,0,0,126,125,26,45,3,7,0,0,14,39,0,1,0
28,29,169,168,175,170,1,1,0,0,126,126,44,17,7,2,0,1,38,10,1,0,0
27,37,169,165,175,178,1,1,0,0,127,126,40,21,7,3,0,1,34,17,1,0,0
32,27,169,169,174,175,0,0,1,1,122,122,33,40,4,6,3,0,20,34,1,0,0
26,30,169,170,175,173,1,1,0,0,124,124,36,29,6,19,0,4,30,20,1,0,0
26,31,169,163,175,168,1,1,0,0,123,120,34,30,6,10,0,2,29,25,1,0,0
28,25,164,169,169,175,1,1,0,0,121,122,40,33,3,4,0,0,29,28,1,0,0
23,25,169,170,175,175,1,1,0,0,118,117,25,17,4,0,0,0,23,8,1,0,0
30,20,163,169,160,175,0,0,1,1,118,118,32,14,9,3,3,0,11,12,1,0,0
23,18,163,169,165,175,1,1,0,0,118,119,0,0,1,1,1,0,0,0,1,0,0
26,36,193,191,198,196,1,1,0,0,278,255,13,2,0,5,1,1,11,1,1,0,0
25,39,193,191,198,203,1,1,0,0,266,235,6,8,0,2,1,0,6,3,1,0,0
26,33,188,175,189,183,1,1,0,0,170,171,20,14,0,17,0,1,17,10,1,0,0
21,32,177,173,178,175,1,1,0,0,159,159,23,52,0,3,0,1,22,28,1,0,0
21,31,177,180,178,180,1,1,0,0,166,164,20,18,0,11,0,1,20,11,1,0,0
29,27,165,168,164,167,0,0,1,1,118,118,14,46,0,29,0,1,8,25,1,0,0
29,36,165,157,164,157,0,0,1,1,118,122,12,32,0,23,0,3,6,20,1,0,0
27,33,165,163,164,170,0,0,1,1,118,118,8,13,0,6,0,0,5,5,1,0,0
26,19,165,168,164,173,0,0,1,1,118,119,3,0,0,3,0,0,1,0,1,0,0
26,23,165,165,164,164,0,0,1,1,120,119,2,1,0,6,0,0,1,1,1,0,0
31,25,180,175,183,188,1,1,0,0,147,146,24,13,0,3,0,2,9,9,1,0,0
23,33,175,180,188,188,1,1,0,0,146,146,11,33,2,5,1,1,7,28,0,0,1
22,22,175,178,188,170,1,1,0,0,143,144,8,7,2,1,1,0,5,4,1,0,0
22,19,175,173,188,178,1,1,0,0,136,136,8,10,1,0,1,0,5,8,0,1,0
21,35,175,168,188,178,1,1,0,0,148,147,7,24,1,4,0,1,5,15,0,0,1
23,32,178,180,178,183,1,1,0,0,147,147,29,26,0,0,0,0,13,9,1,0,0
22,25,178,173,178,178,1,1,0,0,147,147,26,20,0,2,0,1,13,14,1,0,0
21,37,178,173,178,183,1,1,0,0,146,146,21,26,0,18,0,3,10,8,1,0,0
23,24,173,165,171,168,1,1,0,0,114,115,11,17,3,2,0,0,3,9,0,1,0
24,26,187,173,192,177,1,1,0,0,161,159,22,22,0,2,0,1,12,5,1,0,0
23,23,187,178,192,185,1,1,0,0,160,162,20,14,0,0,0,0,11,8,1,0,0
21,36,187,180,192,188,1,1,0,0,153,152,16,12,0,7,0,0,8,9,1,0,0
31,31,191,189,203,191,1,1,0,0,199,200,21,21,0,1,0,0,20,21,1,0,0
24,35,191,185,203,201,1,1,0,0,197,200,10,30,0,10,0,1,10,26,1,0,0
28,30,173,170,174,173,0,0,1,1,126,126,22,25,1,1,0,2,16,18,0,1,0
29,30,170,170,175,173,1,1,0,0,126,126,22,24,0,1,1,2,15,17,0,1,0
21,32,170,163,173,168,1,1,0,0,123,122,13,30,0,14,0,2,10,25,0,1,0
21,37,170,165,173,166,1,1,0,0,122,122,11,26,0,12,0,1,9,19,1,0,0
20,30,170,168,173,180,1,1,0,0,122,122,9,9,0,10,0,4,7,7,1,0,0
26,32,160,152,165,154,1,1,0,0,105,105,26,24,1,5,0,1,9,14,1,0,0
37,26,178,185,185,185,0,0,1,1,158,159,49,46,2,0,2,1,28,32,1,0,0
24,26,185,175,185,173,1,1,0,0,160,160,41,22,0,8,1,0,30,4,1,0,0
24,31,185,180,185,188,1,1,0,0,160,159,40,29,0,1,1,0,30,18,1,0,0
23,24,185,178,185,178,1,1,0,0,154,154,38,23,0,0,1,0,29,10,1,0,0
22,30,185,178,185,178,1,1,0,0,156,156,37,39,0,7,1,0,29,22,1,0,0
21,24,185,178,185,188,1,1,0,0,150,149,33,20,0,1,1,0,26,15,1,0,0
21,30,185,174,185,165,1,1,0,0,151,150,30,20,0,4,1,1,23,14,1,0,0
20,24,185,173,185,173,1,1,0,0,147,145,26,14,0,1,1,0,20,7,1,0,0
19,22,185,175,185,178,1,1,0,0,141,140,23,8,0,1,0,0,18,4,0,0,1
19,25,185,178,185,193,1,1,0,0,139,138,16,17,0,15,0,1,11,5,1,0,0
18,31,185,178,185,180,1,1,0,0,139,137,15,5,0,5,0,0,10,4,1,0,0
29,33,165,167,169,171,1,1,0,0,112,112,15,23,1,2,2,3,8,12,1,0,0
20,29,187,174,196,173,1,1,0,0,166,167,16,14,0,1,0,0,15,7,1,0,0
18,39,187,188,196,188,1,1,0,0,174,173,9,9,0,7,0,1,8,7,1,0,0
30,36,170,167,177,172,0,0,1,1,115,115,21,33,0,10,0,1,13,14,1,0,0
28,24,163,168,174,170,1,1,0,0,108,108,29,32,2,5,0,1,25,17,1,0,0
24,29,163,163,174,159,1,1,0,0,109,107,16,15,0,23,0,6,13,10,1,0,0
20,22,168,163,168,174,1,1,0,0,108,108,11,12,1,0,1,0,6,10,0,1,0
27,40,193,180,198,183,1,1,0,0,249,212,15,41,0,9,0,0,12,26,1,0,0
23,26,193,185,198,180,1,1,0,0,252,211,0,4,0,10,0,1,0,1,1,0,0
31,32,163,167,177,172,1,1,0,0,115,115,14,28,3,7,1,0,7,11,1,0,0
22,26,165,163,168,177,1,1,0,0,118,120,7,5,0,0,2,1,3,3,1,0,0
18,23,163,165,177,170,1,1,0,0,115,117,1,0,0,5,0,0,1,0,1,0,0
29,25,188,183,191,191,0,0,1,1,154,152,32,18,2,1,0,0,22,15,1,0,0
28,38,188,180,191,173,0,0,1,1,161,162,29,28,2,4,0,0,20,11,1,0,0
27,39,188,175,191,175,0,0,1,1,163,168,27,40,1,19,0,2,19,33,1,0,0
27,29,188,180,191,185,0,0,1,1,163,163,26,19,1,5,0,0,19,12,1,0,0
26,35,188,175,191,191,0,0,1,1,160,158,25,31,1,7,0,2,19,17,1,0,0
26,32,188,170,191,178,0,0,1,1,162,161,22,19,1,4,0,2,16,12,1,0,0
22,36,188,175,191,183,0,0,1,1,164,168,7,49,0,10,0,1,4,31,1,0,0
22,32,188,180,191,182,0,0,1,1,162,161,3,12,0,11,0,3,2,4,1,0,0
33,26,168,173,177,180,1,1,0,0,134,135,37,24,4,1,2,2,18,11,1,0,0
32,34,168,174,177,174,1,1,0,0,133,133,35,39,4,11,2,3,17,18,1,0,0
31,23,168,180,177,175,1,1,0,0,134,135,34,17,4,5,2,0,16,13,1,0,0
28,26,178,169,178,175,1,1,0,0,149,151,11,15,0,8,0,3,10,11,1,0,0
28,33,178,168,178,183,1,1,0,0,154,154,7,39,0,8,0,2,7,24,1,0,0
28,33,178,180,188,185,0,0,1,1,160,160,18,23,1,8,0,0,6,14,1,0,0
30,27,183,178,178,188,1,1,0,0,160,160,22,16,0,1,0,0,12,6,0,1,0
26,34,178,170,188,178,0,0,1,1,164,164,12,19,1,18,0,3,4,12,1,0,0
26,30,178,188,188,198,0,0,1,1,159,161,11,15,1,8,0,0,4,10,1,0,0
31,24,171,178,184,188,1,1,0,0,157,159,17,10,17,0,3,0,7,4,1,0,0
26,33,174,173,179,175,1,1,0,0,129,129,20,34,0,6,0,2,12,19,1,0,0
29,30,173,170,175,175,1,1,0,0,132,132,29,19,6,13,2,1,16,7,1,0,0
29,23,173,175,175,180,1,1,0,0,130,130,28,13,6,4,2,1,16,5,1,0,0
28,36,173,173,175,178,1,1,0,0,131,132,27,12,6,18,2,0,15,9,1,0,0
25,22,173,170,175,185,1,1,0,0,134,134,22,17,5,2,2,1,10,5,1,0,0
24,33,173,173,175,178,1,1,0,0,135,135,20,30,4,5,2,2,9,22,1,0,0
22,32,173,170,175,168,1,1,0,0,133,135,16,30,2,5,2,1,7,26,1,0,0
25,18,175,173,185,175,1,1,0,0,134,137,0,1,0,0,0,1,0,0,1,0,0
27,25,179,180,178,185,1,1,0,0,153,154,25,23,1,1,1,0,15,15,1,0,0
27,30,171,167,179,172,1,1,0,0,115,115,20,25,2,5,1,0,11,9,1,0,0
30,29,173,167,176,172,0,0,1,1,115,115,33,25,12,4,1,0,23,9,1,0,0
26,27,164,167,166,172,1,1,0,0,115,115,11,21,1,3,0,0,7,7,1,0,0
29,30,177,170,183,173,0,0,1,1,156,156,29,24,2,3,0,1,16,14,1,0,0
28,36,177,178,183,176,0,0,1,1,154,154,26,40,2,3,0,1,14,26,1,0,0
25,33,177,188,183,198,0,0,1,1,154,154,22,40,0,12,0,0,13,23,1,0,0
23,25,177,178,183,165,0,0,1,1,154,154,16,9,0,4,0,0,12,3,1,0,0
22,26,177,168,183,178,0,0,1,1,157,160,12,16,0,5,0,1,10,13,1,0,0
21,31,177,168,183,175,0,0,1,1,154,155,10,13,0,5,0,0,8,9,1,0,0
30,28,160,166,165,172,1,1,0,0,112,112,17,32,3,5,0,1,9,23,1,0,0
30,29,160,167,165,171,1,1,0,0,112,112,16,17,3,1,0,1,9,10,1,0,0
23,29,165,160,169,165,1,1,0,0,105,105,9,15,0,2,0,0,6,8,1,0,0
28,33,160,157,165,160,1,1,0,0,105,105,14,23,2,3,0,1,7,16,1,0,0
30,31,170,168,172,168,1,1,0,0,120,125,21,27,1,12,0,1,12,21,1,0,0
26,34,171,174,177,175,0,0,1,1,139,140,24,19,3,1,1,2,19,18,0,1,0
21,22,175,174,183,175,1,1,0,0,134,133,1,0,1,0,0,0,0,0,0,0,1
24,21,178,167,185,173,1,1,0,0,141,141,21,15,4,0,0,0,19,6,1,0,0
26,33,172,172,176,171,1,1,0,0,122,122,13,24,1,7,0,0,4,7,1,0,0
25,24,175,172,176,176,0,0,1,1,122,122,12,10,4,0,2,0,5,2,1,0,0
28,24,168,178,175,180,0,0,1,1,135,135,26,23,0,1,0,1,26,17,1,0,0
22,30,178,170,180,175,0,0,1,1,134,136,19,23,1,4,1,0,14,8,1,0,0
21,28,178,178,180,183,0,0,1,1,139,142,16,9,1,11,1,0,12,4,1,0,0
21,34,178,180,180,183,0,0,1,1,139,140,14,39,1,34,1,2,11,34,1,0,0
28,28,192,191,193,193,0,0,1,1,242,225,20,15,2,0,0,0,15,12,0,1,0
26,24,191,191,193,206,1,1,0,0,252,232,12,9,0,1,0,1,10,8,1,0,0
28,22,169,163,173,165,1,1,0,0,108,107,22,18,2,3,1,1,12,12,1,0,0
31,21,158,163,159,165,1,1,0,0,105,105,27,16,6,2,0,0,10,12,0,1,0
31,31,157,157,160,165,1,1,0,0,115,114,35,25,5,8,0,1,24,15,1,0,0
27,31,157,165,160,168,1,1,0,0,112,112,28,19,3,1,0,2,21,9,1,0,0
23,26,160,157,152,160,0,0,1,1,112,112,31,23,2,2,0,0,24,18,1,0,0
25,30,157,168,160,160,1,1,0,0,114,114,22,31,2,8,0,1,17,16,1,0,0
25,22,157,160,160,152,1,1,0,0,112,112,22,29,1,2,0,0,17,22,0,1,0
24,34,157,161,160,168,1,1,0,0,112,112,21,50,1,2,0,1,16,20,1,0,0
24,30,157,168,160,168,1,1,0,0,111,112,18,27,1,9,0,1,13,21,1,0,0
33,26,178,177,178,171,1,1,0,0,139,140,40,21,5,0,1,0,14,19,1,0,0
28,31,178,170,178,168,1,1,0,0,135,135,32,28,2,4,0,0,9,23,1,0,0
23,30,178,170,178,178,1,1,0,0,132,132,14,16,1,29,0,1,3,6,1,0,0
22,31,178,173,184,175,1,1,0,0,141,141,14,26,0,7,0,0,11,13,1,0,0
21,25,178,178,184,183,1,1,0,0,141,141,8,10,0,3,0,1,6,9,1,0,0
40,32,190,185,208,187,1,1,0,0,205,202,28,19,8,11,1,1,13,13,1,0,0
46,39,188,190,191,208,0,0,1,1,204,217,31,28,6,7,0,0,22,13,0,0,1
38,30,190,188,208,197,1,1,0,0,205,278,27,10,6,0,0,0,12,8,1,0,0
24,36,206,190,216,208,1,1,0,0,210,254,20,25,0,5,0,0,14,12,1,0,0
36,36,187,190,191,208,1,1,0,0,203,223,47,25,2,4,0,0,29,12,1,0,0
36,35,190,188,208,193,1,1,0,0,207,239,24,21,4,10,0,4,12,10,1,0,0
35,26,190,193,208,196,1,1,0,0,199,200,24,24,2,1,0,0,12,13,0,1,0
32,32,190,187,208,191,1,1,0,0,197,198,21,35,1,1,0,0,11,24,0,1,0
25,30,186,190,191,208,1,1,0,0,194,196,37,19,1,1,0,0,27,10,0,1,0
25,30,186,190,191,208,1,1,0,0,193,194,36,19,1,0,0,0,27,10,1,0,0
28,32,190,193,208,193,1,1,0,0,190,192,16,31,0,2,0,2,9,24,1,0,0
27,37,190,185,208,196,1,1,0,0,189,189,13,19,0,5,0,2,8,10,1,0,0
25,34,175,173,180,183,1,1,0,0,146,146,4,3,0,5,0,1,3,1,1,0,0
31,27,175,178,175,185,1,1,0,0,148,147,19,24,3,2,0,0,9,16,1,0,0
25,27,173,175,178,175,0,0,1,1,140,140,9,15,0,1,1,0,3,7,1,0,0
26,32,175,170,175,170,1,1,0,0,144,144,13,15,1,7,0,0,6,6,1,0,0
26,28,175,178,175,191,1,1,0,0,143,138,11,7,1,15,0,0,5,5,1,0,0
24,22,175,183,175,196,1,1,0,0,147,147,6,6,0,7,0,1,3,6,1,0,0
28,32,180,168,185,173,1,1,0,0,160,167,16,17,1,19,1,1,13,13,1,0,0
27,32,180,170,185,183,1,1,0,0,158,159,6,10,0,14,0,1,5,9,1,0,0
21,25,170,164,173,170,1,1,0,0,125,126,21,24,0,4,0,1,16,16,1,0,0
23,43,185,183,194,183,1,1,0,0,158,159,17,56,0,10,0,1,14,34,1,0,0
29,33,182,186,195,196,0,0,1,1,188,194,9,7,0,10,0,0,5,5,1,0,0
27,32,160,158,164,159,1,1,0,0,105,105,16,30,3,7,1,0,10,12,1,0,0
23,25,160,160,164,164,1,1,0,0,105,105,25,14,3,2,1,1,14,8,1,0,0
28,21,160,160,160,164,1,1,0,0,113,111,3,0,0,0,1,0,2,0,1,0,0
20,32,178,170,183,183,1,1,0,0,146,154,14,10,0,13,0,1,10,9,1,0,0
24,34,168,168,170,170,0,0,1,1,130,130,16,8,4,9,1,0,3,2,1,0,0
26,23,173,168,178,170,1,1,0,0,129,130,14,15,0,4,0,1,7,3,0,1,0
23,34,168,168,170,168,0,0,1,1,130,130,13,10,4,11,1,5,2,2,1,0,0
21,21,168,168,164,170,1,1,0,0,130,130,7,4,0,2,0,1,5,1,1,0,0
37,41,180,183,178,183,1,1,0,0,156,156,43,54,4,9,0,1,25,32,1,0,0
34,28,180,183,178,181,1,1,0,0,159,158,37,27,3,2,0,0,23,17,1,0,0
28,31,180,180,178,185,1,1,0,0,168,167,18,29,1,4,0,1,14,26,1,0,0
29,31,188,178,194,171,1,1,0,0,198,198,10,10,0,0,0,0,6,3,0,1,0
29,34,178,191,171,196,0,0,1,1,216,236,3,2,0,1,0,1,2,1,1,0,0
28,27,174,170,178,183,1,1,0,0,129,130,23,23,2,7,1,0,16,16,0,1,0
37,28,180,170,185,178,1,1,0,0,154,154,38,39,8,7,0,2,27,23,1,0,0
32,30,180,178,185,183,1,1,0,0,154,153,37,28,6,2,0,0,27,21,1,0,0
27,30,170,180,170,185,1,1,0,0,147,147,32,36,0,5,0,0,26,26,0,1,0
28,29,180,173,185,178,1,1,0,0,147,147,33,30,4,1,0,0,24,20,1,0,0
28,26,182,180,188,185,0,0,1,1,153,154,28,30,2,3,1,0,20,21,1,0,0
22,39,180,173,185,173,1,1,0,0,147,147,23,55,3,7,0,1,15,42,1,0,0
21,22,180,180,185,178,1,1,0,0,151,147,17,16,3,1,0,0,10,10,1,0,0
19,24,180,178,185,185,1,1,0,0,147,149,11,8,3,0,0,1,6,7,1,0,0
18,28,180,170,185,178,1,1,0,0,147,145,10,41,3,14,0,2,6,31,1,0,0
17,27,180,174,185,173,1,1,0,0,147,147,8,13,1,0,0,0,4,6,0,1,0
28,34,196,193,203,191,0,0,1,1,243,241,19,35,0,9,1,1,17,27,1,0,0
28,37,196,193,203,206,0,0,1,1,241,265,17,24,0,8,1,0,15,18,1,0,0
28,38,196,201,203,216,0,0,1,1,246,254,16,21,0,10,1,1,14,15,1,0,0
27,23,196,178,203,178,0,0,1,1,238,237,11,8,0,2,1,2,9,3,1,0,0
26,29,196,183,203,203,0,0,1,1,229,302,6,6,0,12,0,6,6,0,0,0,1
23,25,168,165,169,175,1,1,0,0,118,117,12,16,0,4,0,2,8,10,1,0,0
21,30,168,168,169,168,1,1,0,0,117,118,8,8,0,4,0,0,5,3,1,0,0
21,29,168,163,169,173,1,1,0,0,115,113,6,14,0,14,0,2,5,8,1,0,0
20,26,168,157,169,168,1,1,0,0,118,117,2,2,0,12,0,0,2,0,1,0,0
28,26,159,162,166,162,1,1,0,0,118,115,29,31,2,6,0,0,20,22,1,0,0
23,23,159,160,166,163,1,1,0,0,105,105,16,21,1,3,0,6,13,11,1,0,0
23,23,159,152,166,168,1,1,0,0,105,105,15,18,1,4,0,1,12,5,1,0,0
32,35,200,195,201,210,1,1,0,0,239,254,22,33,0,3,0,0,13,20,0,1,0
23,24,170,164,168,170,1,1,0,0,118,117,29,46,0,2,0,0,18,31,1,0,0
22,29,170,172,168,177,1,1,0,0,118,118,28,17,0,0,0,1,18,11,1,0,0
20,22,170,165,168,165,1,1,0,0,118,118,22,8,0,0,0,0,14,3,1,0,0
19,24,170,168,168,167,1,1,0,0,117,118,17,30,0,17,0,1,12,13,1,0,0
24,35,168,163,165,170,1,1,0,0,122,122,27,15,0,11,0,0,19,6,1,0,0
24,27,168,165,165,175,1,1,0,0,122,122,26,33,0,9,0,0,18,27,1,0,0
23,18,168,168,165,163,1,1,0,0,118,124,23,3,0,1,0,0,15,3,1,0,0
22,32,168,168,165,173,1,1,0,0,125,126,18,22,0,25,0,2,13,10,1,0,0
30,28,165,173,174,186,0,0,1,1,136,133,35,27,1,4,1,3,18,21,1,0,0
35,36,168,173,173,176,0,0,1,1,130,130,55,48,8,14,2,1,26,32,1,0,0
30,27,168,168,176,173,1,1,0,0,118,118,17,36,0,5,0,2,10,15,1,0,0
27,29,168,168,173,176,0,0,1,1,118,118,36,16,4,0,2,0,15,10,0,1,0
27,32,168,166,173,164,0,0,1,1,115,115,36,30,3,1,2,1,15,24,0,1,0
26,38,168,159,173,160,0,0,1,1,115,115,35,62,3,3,2,1,14,37,1,0,0
26,26,168,166,173,173,0,0,1,1,115,115,33,26,3,3,2,0,14,12,1,0,0
27,25,164,168,168,173,1,1,0,0,115,115,46,30,3,3,1,2,35,12,0,1,0
25,32,168,165,173,165,0,0,1,1,115,115,29,30,3,5,2,0,11,20,1,0,0
25,33,168,165,173,175,0,0,1,1,115,115,28,28,3,3,2,2,11,19,1,0,0
24,31,168,165,173,165,0,0,1,1,115,115,27,30,3,4,2,0,11,20,1,0,0
27,24,166,168,170,173,1,1,0,0,115,115,31,26,1,3,0,1,23,10,0,0,1
23,28,168,163,173,165,0,0,1,1,117,117,22,12,3,7,1,1,8,7,1,0,0
22,23,168,173,173,176,0,0,1,1,115,115,18,19,3,5,1,0,6,11,1,0,0
22,30,161,164,162,166,1,1,0,0,115,115,19,15,4,3,1,1,7,9,1,0,0
31,22,173,161,176,162,0,0,1,1,115,115,36,18,12,4,1,1,24,7,0,1,0
18,19,161,157,162,158,1,1,0,0,109,109,6,5,2,1,0,0,0,5,1,0,0
35,35,178,175,180,183,1,1,0,0,154,153,25,24,6,13,0,3,11,9,1,0,0
34,33,178,173,180,183,1,1,0,0,154,154,23,17,5,7,0,3,11,8,1,0,0
29,25,178,175,180,178,1,1,0,0,157,157,18,10,2,10,0,1,8,10,1,0,0
27,33,178,175,180,188,1,1,0,0,154,155,16,10,1,5,0,1,7,4,1,0,0
25,29,178,175,180,178,1,1,0,0,147,146,13,27,0,3,0,0,7,26,1,0,0
25,24,178,175,180,178,1,1,0,0,149,148,12,15,0,0,0,0,7,7,1,0,0
24,33,178,180,180,185,1,1,0,0,150,150,10,34,0,6,0,0,6,30,1,0,0
22,20,178,175,180,175,1,1,0,0,148,147,3,1,0,0,0,0,3,0,1,0,0
24,30,178,170,185,173,1,1,0,0,139,140,21,25,1,3,0,1,14,12,1,0,0
23,38,178,170,185,170,1,1,0,0,142,142,19,55,1,19,0,3,14,38,1,0,0
23,35,178,168,185,168,1,1,0,0,141,142,18,20,1,5,0,1,13,13,1,0,0
22,28,178,178,185,183,1,1,0,0,146,147,16,33,0,1,0,0,12,27,0,1,0
21,37,178,170,185,178,1,1,0,0,144,143,11,37,0,17,0,1,10,22,1,0,0
21,35,178,178,185,180,1,1,0,0,147,148,8,4,0,8,0,0,7,2,1,0,0
25,35,185,187,183,183,0,0,1,1,175,175,13,24,0,12,0,2,10,10,1,0,0
26,32,170,163,180,160,1,1,0,0,126,126,25,17,1,4,0,1,10,10,1,0,0
23,37,170,163,180,168,1,1,0,0,128,127,21,36,0,27,0,2,10,28,1,0,0
22,30,170,180,180,188,1,1,0,0,130,130,18,16,0,6,0,3,8,7,1,0,0
22,23,170,175,180,180,1,1,0,0,128,130,17,13,0,5,0,1,8,5,1,0,0
21,22,170,170,180,173,1,1,0,0,129,129,14,7,0,8,0,0,6,5,1,0,0
20,31,170,168,180,173,1,1,0,0,128,128,12,20,0,16,0,1,6,9,1,0,0
19,28,170,157,180,165,1,1,0,0,123,121,2,9,0,14,0,4,1,6,1,0,0
28,27,173,178,179,185,0,0,1,1,140,140,27,25,1,7,0,0,22,21,1,0,0
28,26,173,175,179,180,0,0,1,1,140,140,26,39,1,9,0,1,21,23,1,0,0
22,30,173,173,179,183,0,0,1,1,143,144,6,6,0,2,0,2,4,4,1,0,0
32,29,168,173,175,173,1,1,0,0,147,146,32,33,1,2,1,1,12,24,1,0,0
28,28,173,171,173,169,1,1,0,0,147,148,31,23,2,1,1,0,23,19,1,0,0
26,32,173,175,173,177,1,1,0,0,140,140,31,33,0,1,1,0,23,23,0,1,0
25,29,173,175,173,183,1,1,0,0,137,135,29,17,0,2,1,1,22,8,1,0,0
24,25,173,173,173,188,1,1,0,0,135,134,24,30,0,0,1,0,18,20,1,0,0
23,24,173,183,173,188,1,1,0,0,135,134,23,23,0,1,1,1,17,15,1,0,0
22,34,173,170,173,183,1,1,0,0,135,135,17,26,0,18,0,2,11,22,1,0,0
22,22,173,175,173,173,1,1,0,0,129,129,16,24,0,3,0,2,11,15,1,0,0
21,29,173,170,173,173,1,1,0,0,132,132,14,8,0,2,0,2,10,2,1,0,0
20,20,173,173,173,183,1,1,0,0,133,133,13,10,0,3,0,1,10,6,1,0,0
19,20,173,175,173,190,1,1,0,0,133,133,8,4,0,6,0,0,6,3,1,0,0
19,27,173,170,173,170,1,1,0,0,136,133,7,6,0,2,0,0,6,4,1,0,0
21,29,168,165,170,170,1,1,0,0,122,122,29,26,0,12,1,0,22,13,1,0,0
20,24,168,165,170,165,1,1,0,0,130,130,28,10,0,5,1,0,22,3,1,0,0
19,22,168,168,170,177,1,1,0,0,122,122,26,17,0,3,1,0,22,3,1,0,0
19,30,168,165,170,175,1,1,0,0,124,122,22,12,0,5,1,4,19,5,1,0,0
18,21,168,170,170,170,1,1,0,0,126,126,18,26,0,4,0,2,15,19,0,0,1
17,31,168,178,170,169,1,1,0,0,127,127,16,12,0,22,0,0,13,8,1,0,0
21,37,177,180,189,187,0,0,1,1,157,159,16,23,0,1,0,0,11,15,1,0,0
25,32,188,168,194,188,1,1,0,0,171,172,24,23,1,19,0,1,20,15,1,0,0
31,23,180,188,179,194,0,0,1,1,160,160,23,22,0,0,0,0,14,18,1,0,0
23,36,188,188,194,198,1,1,0,0,160,160,21,42,0,13,0,1,17,24,1,0,0
26,30,174,169,179,168,1,1,0,0,129,129,21,23,0,1,0,0,12,13,1,0,0
30,34,169,166,168,173,1,1,0,0,130,129,22,37,1,3,0,1,12,19,1,0,0
27,30,168,170,163,170,1,1,0,0,117,117,20,21,2,1,0,0,5,14,0,1,0
26,24,173,175,170,175,0,0,1,1,140,139,15,14,0,0,0,2,12,9,1,0,0
26,25,173,170,170,171,0,0,1,1,139,139,14,11,0,0,0,1,12,9,1,0,0
25,39,173,170,170,170,0,0,1,1,144,143,12,56,0,24,0,3,10,38,1,0,0
34,24,173,173,183,170,1,1,0,0,145,145,3,5,4,0,1,0,1,4,0,1,0
29,21,169,168,170,168,1,1,0,0,118,118,4,6,0,1,0,0,2,0,1,0,0
25,28,169,157,173,165,1,1,0,0,108,108,17,22,1,2,1,1,8,12,1,0,0
25,28,169,165,173,160,1,1,0,0,111,111,16,18,1,5,1,1,8,14,1,0,0
22,20,169,163,173,164,1,1,0,0,112,113,8,3,0,9,0,0,4,2,1,0,0
28,27,173,173,178,178,0,0,1,1,140,140,15,23,0,4,1,1,5,16,0,1,0
28,26,175,173,183,178,0,0,1,1,147,147,23,23,2,3,1,1,12,16,1,0,0
25,39,175,168,178,175,1,1,0,0,134,138,18,23,2,42,0,4,9,18,1,0,0
30,23,179,175,170,178,1,1,0,0,130,130,28,15,4,1,1,0,14,9,0,1,0
21,28,175,173,178,175,1,1,0,0,130,130,11,13,0,16,0,2,8,6,1,0,0
21,28,175,165,178,168,1,1,0,0,130,132,8,5,0,2,0,1,6,0,1,0,0
21,25,175,170,178,180,1,1,0,0,128,127,5,2,0,1,0,0,4,1,1,0,0
26,27,170,175,173,183,1,1,0,0,136,134,16,12,0,1,1,1,10,6,1,0,0
25,27,170,168,173,183,1,1,0,0,141,141,13,4,0,3,1,3,7,2,1,0,0
27,23,161,174,163,177,0,0,1,1,112,112,33,11,1,1,0,0,17,8,1,0,0
27,26,188,180,184,193,1,1,0,0,168,168,6,12,0,4,0,0,5,6,1,0,0
26,29,188,178,184,188,1,1,0,0,168,166,3,5,0,6,0,2,2,4,1,0,0
26,28,189,193,191,203,1,1,0,0,200,204,22,15,1,1,0,0,10,6,1,0,0
26,27,170,175,173,175,0,0,1,1,140,136,26,37,1,17,1,2,14,26,1,0,0
25,25,178,170,183,173,1,1,0,0,134,135,32,26,3,0,0,1,13,14,1,0,0
24,26,170,175,173,173,0,0,1,1,136,136,23,34,0,7,1,2,12,21,1,0,0
23,27,170,170,173,170,0,0,1,1,136,136,22,16,0,6,1,1,12,4,1,0,0
23,30,170,175,173,178,0,0,1,1,137,137,19,28,0,10,1,3,9,24,1,0,0
22,30,170,170,173,175,0,0,1,1,138,138,16,29,0,20,1,4,7,19,1,0,0
19,27,170,168,173,168,0,0,1,1,129,129,11,7,0,4,1,3,3,1,1,0,0
19,29,170,170,173,173,0,0,1,1,130,132,10,8,0,3,1,2,3,2,1,0,0
31,28,191,187,198,188,1,1,0,0,210,247,25,15,2,3,0,0,23,9,1,0,0
29,38,191,188,198,198,1,1,0,0,222,231,23,44,1,8,0,1,21,30,1,0,0
36,29,213,191,216,198,1,1,0,0,217,316,50,22,1,1,0,0,34,21,0,1,0
28,37,191,191,198,198,1,1,0,0,215,226,21,34,1,6,0,0,20,20,1,0,0
27,27,193,191,189,198,1,1,0,0,198,197,28,20,1,1,0,0,21,19,0,1,0
23,39,191,188,198,203,1,1,0,0,199,201,9,38,0,10,0,1,9,27,1,0,0
31,31,189,182,191,184,1,1,0,0,199,200,19,27,1,3,0,0,19,21,1,0,0
29,41,189,192,191,204,1,1,0,0,199,200,15,55,0,3,0,0,15,40,1,0,0
26,25,189,177,191,177,1,1,0,0,200,199,5,7,0,7,0,1,5,2,1,0,0
26,21,165,174,169,179,1,1,0,0,130,130,32,27,1,0,0,1,17,22,1,0,0
21,31,174,170,179,178,1,1,0,0,132,131,26,23,0,4,1,2,21,17,1,0,0
21,24,174,168,179,183,1,1,0,0,133,132,24,27,0,5,1,2,19,17,1,0,0
20,26,174,175,179,183,1,1,0,0,132,132,21,20,0,1,1,0,18,16,1,0,0
30,30,173,170,174,180,1,1,0,0,153,154,21,14,0,7,1,1,7,7,1,0,0
29,26,173,169,174,171,1,1,0,0,153,154,18,5,0,0,1,0,7,4,1,0,0
26,31,183,182,180,180,1,1,0,0,168,168,22,28,0,4,0,2,13,19,1,0,0
36,31,182,182,188,180,0,0,1,1,166,167,28,28,0,3,1,2,16,19,1,0,0
28,33,182,175,180,182,1,1,0,0,166,167,23,34,3,9,2,0,15,13,1,0,0
34,27,180,182,185,180,0,0,1,1,168,168,41,20,0,1,0,2,31,14,1,0,0
26,25,179,182,184,180,1,1,0,0,171,169,12,18,3,1,0,1,5,12,0,1,0
24,23,178,168,183,172,1,1,0,0,135,135,27,25,3,0,0,0,12,17,1,0,0
26,22,180,178,183,183,1,1,0,0,136,137,21,24,0,3,0,0,18,12,0,1,0
32,23,180,180,182,182,1,1,0,0,160,162,31,17,0,1,1,0,22,9,1,0,0
29,26,180,175,182,183,1,1,0,0,160,160,28,25,0,1,0,0,20,19,1,0,0
27,35,180,178,182,185,1,1,0,0,162,159,22,17,0,5,0,3,16,4,1,0,0
24,37,180,179,182,188,1,1,0,0,163,164,15,27,0,7,0,0,12,16,1,0,0
23,26,180,175,182,180,1,1,0,0,160,161,12,7,0,1,0,0,11,6,1,0,0
23,26,180,178,182,193,1,1,0,0,163,163,11,9,0,3,0,1,10,1,1,0,0
23,29,180,173,182,188,1,1,0,0,164,164,9,8,0,6,0,0,8,4,1,0,0
23,27,180,170,185,178,1,1,0,0,139,140,22,38,0,5,0,2,15,23,1,0,0
21,27,180,180,185,182,1,1,0,0,145,145,18,18,0,4,0,0,14,12,1,0,0
19,26,180,160,185,170,1,1,0,0,141,142,13,4,0,4,0,2,12,0,1,0,0
23,30,168,165,170,170,0,0,1,1,122,121,19,14,0,7,0,0,14,6,1,0,0
31,32,175,180,182,203,1,1,0,0,160,159,30,23,7,7,0,0,12,18,1,0,0
24,29,175,178,182,180,1,1,0,0,164,168,3,15,2,4,0,1,1,6,1,0,0
29,33,179,168,184,188,1,1,0,0,164,166,14,27,1,21,0,1,12,18,1,0,0
27,27,179,185,184,193,1,1,0,0,159,160,13,19,0,2,0,2,11,9,1,0,0
26,27,179,180,184,177,1,1,0,0,159,159,10,17,0,3,0,2,9,7,1,0,0
26,26,179,183,184,185,1,1,0,0,160,159,8,28,0,4,0,1,8,26,1,0,0
26,25,179,180,184,191,1,1,0,0,161,161,6,11,0,1,0,1,6,3,1,0,0
22,33,168,163,163,160,1,1,0,0,127,130,19,17,0,5,0,1,11,10,1,0,0
21,23,168,165,163,168,1,1,0,0,125,125,15,13,0,0,0,0,10,4,1,0,0
22,23,168,165,168,165,0,0,1,1,127,127,24,10,0,4,1,0,17,3,1,0,0
28,41,165,185,169,192,1,1,0,0,136,136,34,19,2,9,0,0,18,8,1,0,0
25,26,165,166,169,173,1,1,0,0,135,134,30,26,1,25,0,1,16,21,1,0,0
23,21,165,170,169,170,1,1,0,0,130,130,26,25,0,2,0,0,14,16,1,0,0
23,33,165,168,169,170,1,1,0,0,132,135,21,9,0,18,0,1,11,8,1,0,0
22,22,201,188,211,188,1,1,0,0,249,249,17,20,0,1,0,0,11,16,1,0,0
25,28,160,163,152,165,0,0,1,1,115,115,37,14,4,0,0,0,26,7,0,1,0
28,27,163,157,165,163,0,0,1,1,115,115,13,15,0,4,0,1,7,9,1,0,0
27,23,163,165,165,165,0,0,1,1,116,117,12,9,0,2,0,0,7,3,1,0,0
27,29,163,163,165,173,0,0,1,1,114,114,11,14,0,12,0,2,6,8,1,0,0
26,40,163,165,165,157,0,0,1,1,115,117,10,39,0,10,0,2,5,32,1,0,0
26,23,163,165,165,165,0,0,1,1,116,116,9,5,0,9,0,0,5,5,1,0,0
25,26,163,175,165,193,0,0,1,1,118,119,6,4,0,7,0,0,3,1,1,0,0
30,34,171,174,168,177,0,0,1,1,129,129,20,19,0,2,0,0,14,9,1,0,0
25,25,170,180,170,183,1,1,0,0,138,139,15,13,0,6,0,1,7,5,0,1,0
22,29,170,173,170,170,1,1,0,0,134,134,8,19,0,7,0,3,2,11,1,0,0
20,29,170,175,170,165,1,1,0,0,135,137,1,1,0,5,0,2,0,0,1,0,0
27,28,174,174,175,180,0,0,1,1,147,147,26,29,2,3,0,0,14,19,0,1,0
22,29,174,170,175,175,0,0,1,1,140,141,17,19,0,3,0,0,10,5,1,0,0
21,32,174,175,175,178,0,0,1,1,139,139,16,16,0,5,0,1,9,9,1,0,0
20,23,174,180,175,188,0,0,1,1,141,143,10,8,0,2,0,0,5,6,1,0,0
19,22,174,170,175,173,0,0,1,1,144,144,8,8,0,3,0,0,3,6,1,0,0
33,34,185,188,194,193,0,0,1,1,175,176,33,23,4,4,0,0,18,17,1,0,0
33,28,185,180,194,193,0,0,1,1,174,177,32,12,4,8,0,0,18,6,1,0,0
32,28,185,182,194,185,0,0,1,1,173,173,32,23,3,4,0,1,18,14,0,1,0
28,30,183,185,180,194,1,1,0,0,168,168,25,31,0,1,0,0,13,17,1,0,0
26,40,185,188,194,191,0,0,1,1,175,175,27,27,0,5,0,0,17,19,1,0,0
26,39,185,188,194,191,0,0,1,1,174,174,26,27,0,4,0,0,17,19,1,0,0
30,24,187,185,191,194,1,1,0,0,175,174,31,22,0,0,0,0,21,15,0,1,0
23,33,185,185,194,196,0,0,1,1,175,174,21,23,0,3,0,1,15,7,1,0,0
22,34,185,175,194,183,0,0,1,1,160,160,15,49,0,4,0,1,10,31,1,0,0
20,34,185,178,194,191,0,0,1,1,162,163,11,12,0,15,0,2,7,1,1,0,0
19,22,185,175,194,27,0,0,1,1,167,168,4,2,0,1,0,1,4,2,1,0,0
24,26,165,174,177,178,1,1,0,0,114,114,22,21,0,4,0,0,12,19,1,0,0
24,22,165,163,177,173,1,1,0,0,115,113,21,18,0,0,0,1,12,14,1,0,0
31,35,186,188,191,192,1,1,0,0,199,196,46,21,2,1,1,0,33,13,1,0,0
26,24,186,193,191,188,1,1,0,0,197,197,37,16,2,3,0,1,27,8,1,0,0
28,31,192,168,191,188,1,1,0,0,179,178,15,23,0,18,0,1,12,15,1,0,0
27,32,192,173,191,184,1,1,0,0,177,178,11,13,0,8,0,1,9,7,1,0,0
29,27,173,168,170,178,1,1,0,0,126,126,23,18,1,1,0,0,19,8,1,0,0
32,31,170,171,168,165,1,1,0,0,126,126,29,30,2,4,1,2,20,13,1,0,0
29,26,164,170,165,168,1,1,0,0,122,122,39,16,1,0,0,0,28,12,1,0,0
38,29,173,182,178,182,1,1,0,0,158,157,39,21,4,9,0,0,22,13,0,1,0
25,34,182,183,182,203,1,1,0,0,153,152,17,13,5,6,0,2,10,9,1,0,0
25,25,182,175,182,180,1,1,0,0,155,154,16,20,5,3,0,0,9,12,1,0,0
29,25,175,182,180,182,1,1,0,0,154,154,12,15,7,5,0,0,6,8,0,1,0
29,24,173,182,175,182,1,1,0,0,160,159,21,14,2,4,1,0,13,8,1,0,0
26,23,177,182,175,182,1,1,0,0,154,155,15,12,1,3,0,0,12,7,1,0,0
27,22,165,165,170,165,1,1,0,0,120,123,9,12,0,3,0,1,3,7,1,0,0
28,33,175,173,180,177,1,1,0,0,146,149,18,19,0,6,0,1,16,12,1,0,0
25,44,168,170,173,175,1,1,0,0,116,116,24,26,8,14,4,1,12,12,1,0,0
22,25,168,163,173,161,1,1,0,0,115,115,14,14,8,0,2,0,8,8,0,0,1
22,23,168,164,173,165,1,1,0,0,115,115,13,15,8,1,2,0,8,10,1,0,0
36,39,187,189,204,193,1,1,0,0,247,236,33,17,3,4,1,0,25,14,1,0,0
33,42,187,196,204,207,1,1,0,0,257,270,29,39,1,4,1,0,23,26,1,0,0
33,32,178,178,183,180,1,1,0,0,155,157,33,20,3,3,0,0,22,13,1,0,0
31,25,178,173,183,183,1,1,0,0,154,154,30,21,3,3,0,1,21,12,1,0,0
26,24,179,178,183,183,1,1,0,0,150,149,17,15,3,1,0,0,10,11,1,0,0
27,27,183,180,193,185,1,1,0,0,166,165,21,13,0,0,0,1,14,12,1,0,0
26,27,183,183,193,178,1,1,0,0,166,166,20,22,0,1,0,1,14,19,1,0,0
26,26,183,178,193,178,1,1,0,0,171,171,19,14,0,0,0,0,14,8,1,0,0
24,29,183,171,193,184,1,1,0,0,165,160,11,16,0,12,0,2,8,6,1,0,0
23,36,183,175,193,188,1,1,0,0,163,164,9,15,0,13,0,1,6,5,1,0,0
23,34,170,163,173,163,1,1,0,0,122,124,20,29,2,7,0,1,15,20,1,0,0
22,26,170,165,173,168,1,1,0,0,120,121,19,23,2,0,0,2,15,15,1,0,0
21,30,170,169,173,169,1,1,0,0,120,120,18,11,1,0,0,0,15,5,1,0,0
21,32,170,157,173,163,1,1,0,0,121,121,17,25,1,15,0,3,14,15,1,0,0
20,24,170,170,173,168,1,1,0,0,118,120,16,18,0,0,0,2,13,5,0,1,0
20,29,170,167,173,168,1,1,0,0,118,119,14,17,0,1,0,3,11,8,1,0,0
19,26,170,182,173,178,1,1,0,0,118,118,11,13,0,7,0,4,9,11,1,0,0
19,26,170,163,173,178,1,1,0,0,117,117,10,11,0,2,0,1,8,9,1,0,0
18,26,170,165,173,165,1,1,0,0,118,118,2,6,0,3,0,0,2,3,1,0,0
24,26,173,175,170,177,1,1,0,0,140,140,16,11,0,0,0,0,10,5,1,0,0
23,28,173,173,170,188,1,1,0,0,143,143,12,9,0,0,0,1,9,6,1,0,0
22,23,170,173,168,183,1,1,0,0,122,122,15,16,0,3,0,2,6,9,1,0,0
19,21,170,165,168,178,1,1,0,0,118,120,6,2,0,1,0,0,2,0,1,0,0
19,27,170,163,168,168,1,1,0,0,123,124,4,1,0,1,0,0,2,0,1,0,0
18,18,170,165,168,170,1,1,0,0,121,119,1,0,0,2,0,0,0,0,1,0,0
26,25,169,168,173,183,1,1,0,0,136,136,25,30,1,6,0,2,17,18,1,0,0
25,23,169,175,173,180,1,1,0,0,136,137,24,29,1,4,0,1,16,16,1,0,0
22,27,169,178,173,175,1,1,0,0,135,135,20,16,0,0,0,0,12,13,1,0,0
22,34,169,175,173,178,1,1,0,0,137,137,17,19,0,10,0,1,11,12,1,0,0
20,30,169,170,173,185,1,1,0,0,137,136,10,10,0,5,0,1,6,9,1,0,0
20,21,169,178,173,178,1,1,0,0,136,135,7,5,0,0,0,0,4,1,1,0,0
31,37,187,182,183,188,0,0,1,1,168,166,28,29,0,0,0,1,23,16,1,0,0
27,28,178,182,183,180,1,1,0,0,154,156,14,18,0,4,0,2,8,14,1,0,0
36,28,172,175,171,178,1,1,0,0,122,122,30,21,9,4,0,1,9,12,1,0,0
23,26,171,172,179,171,1,1,0,0,118,118,11,10,2,3,0,0,5,2,1,0,0
31,23,192,188,194,190,0,0,1,1,252,229,1,0,0,0,0,0,1,0,1,0,0
27,33,164,162,160,170,0,0,1,1,105,105,17,19,4,7,5,2,6,3,0,0,1
27,30,179,173,182,180,1,1,0,0,135,135,29,23,2,1,1,1,22,15,1,0,0
30,30,163,170,170,165,1,1,0,0,128,125,22,14,3,7,0,2,15,12,1,0,0
28,32,163,163,170,163,1,1,0,0,122,122,21,29,2,4,0,0,14,20,1,0,0
27,32,163,157,170,163,1,1,0,0,122,121,19,25,2,16,0,3,12,15,1,0,0
23,32,163,168,170,168,1,1,0,0,123,122,12,35,0,29,0,1,7,18,0,1,0
23,35,163,165,170,173,1,1,0,0,121,122,11,51,0,7,0,0,6,30,1,0,0
22,31,163,170,170,170,1,1,0,0,122,121,8,5,0,1,0,1,5,2,1,0,0
22,32,163,163,170,173,1,1,0,0,122,122,7,8,0,15,0,0,4,1,1,0,0
27,35,175,180,178,188,1,1,0,0,151,150,17,12,4,4,2,0,5,9,1,0,0
25,24,175,178,178,188,1,1,0,0,147,147,15,21,4,2,1,0,5,13,1,0,0
25,35,175,180,178,183,1,1,0,0,146,145,12,48,4,44,1,2,4,39,1,0,0
26,23,175,175,177,178,1,1,0,0,143,143,15,8,0,3,0,1,10,4,1,0,0
18,21,178,175,183,178,1,1,0,0,154,154,2,3,0,0,2,0,1,1,1,0,0
20,33,175,168,178,173,1,1,0,0,158,166,0,4,0,39,0,5,0,1,1,0,0
24,21,160,157,185,159,1,1,0,0,105,104,8,10,3,1,2,2,4,5,1,0,0
21,24,157,160,159,185,1,1,0,0,105,104,10,8,1,3,1,1,5,4,0,0,1
28,35,175,178,175,188,1,1,0,0,153,148,16,26,0,5,0,0,6,15,1,0,0
27,29,180,175,185,175,0,0,1,1,128,130,12,14,0,3,0,0,6,8,1,0,0
27,22,180,171,185,175,0,0,1,1,130,127,11,5,0,4,0,1,6,0,1,0,0
26,27,180,165,185,175,0,0,1,1,123,123,8,16,0,12,0,2,4,7,1,0,0
24,32,193,180,198,183,0,0,1,1,167,168,19,16,0,1,1,0,13,11,1,0,0
23,29,193,178,198,177,0,0,1,1,168,167,17,14,0,1,1,0,12,7,1,0,0
21,23,170,170,175,183,1,1,0,0,135,134,14,5,0,12,0,1,10,4,1,0,0
29,29,170,170,175,173,1,1,0,0,137,139,18,14,0,17,0,0,10,8,1,0,0
28,33,170,170,175,170,1,1,0,0,135,135,16,26,0,11,0,1,9,9,1,0,0
25,28,165,163,170,160,1,1,0,0,122,123,20,16,1,0,0,0,11,9,1,0,0
22,36,165,165,170,175,1,1,0,0,123,122,15,30,0,7,0,2,9,21,1,0,0
21,20,165,161,170,168,1,1,0,0,121,120,4,6,0,0,0,0,3,4,1,0,0
24,28,183,178,183,183,1,1,0,0,160,162,10,23,0,3,0,0,9,13,1,0,0
28,28,170,168,182,188,1,1,0,0,159,161,23,20,3,9,0,0,17,13,1,0,0
27,32,170,180,182,187,1,1,0,0,159,159,22,26,3,5,0,1,16,12,1,0,0
27,37,170,180,182,190,1,1,0,0,162,160,21,11,3,5,0,1,15,6,1,0,0
21,33,170,175,182,183,1,1,0,0,172,172,15,47,1,15,0,2,11,26,1,0,0
31,31,183,183,180,183,1,1,0,0,167,167,24,19,2,7,1,1,15,9,1,0,0
31,35,183,180,180,185,1,1,0,0,166,168,23,26,2,11,1,0,14,16,1,0,0
30,28,178,183,187,180,1,1,0,0,159,160,14,14,1,0,0,1,10,10,1,0,0
26,36,183,175,180,193,1,1,0,0,168,166,6,10,0,26,1,0,5,2,1,0,0
28,27,182,191,178,188,1,1,0,0,153,153,34,23,1,1,1,1,21,13,1,0,0
26,29,191,178,188,178,1,1,0,0,153,153,20,32,1,2,1,0,12,16,1,0,0
25,26,191,183,188,183,1,1,0,0,152,154,19,26,1,3,1,2,11,19,1,0,0
23,27,191,175,188,170,1,1,0,0,148,149,13,15,0,9,1,3,8,9,1,0,0
21,35,191,170,188,178,1,1,0,0,145,143,10,9,0,27,1,2,6,4,1,0,0
22,26,168,170,184,170,0,0,1,1,127,127,14,6,0,2,0,3,9,4,1,0,0
21,33,168,170,184,173,0,0,1,1,127,128,9,19,0,12,0,1,6,12,1,0,0
26,27,170,164,173,165,1,1,0,0,118,119,22,18,2,8,0,3,18,4,1,0,0
25,25,170,170,173,173,1,1,0,0,115,114,14,21,0,2,0,0,1,18,0,1,0
25,26,170,158,173,165,1,1,0,0,114,114,20,21,2,6,0,1,17,12,1,0,0
24,25,170,158,173,165,1,1,0,0,114,114,19,20,1,5,0,1,17,12,1,0,0
30,29,169,171,178,179,0,0,1,1,130,130,28,39,2,3,2,0,21,23,1,0,0
28,29,171,175,179,177,1,1,0,0,131,131,36,26,3,7,0,1,21,21,1,0,0
27,33,171,165,179,173,1,1,0,0,127,124,35,25,2,3,0,0,21,8,1,0,0
27,26,171,171,179,170,1,1,0,0,125,125,35,15,1,0,0,0,21,8,0,1,0
26,28,171,170,179,168,1,1,0,0,126,126,33,32,1,3,0,0,20,23,1,0,0
27,23,170,171,175,179,0,0,1,1,126,126,35,21,1,0,1,0,15,11,1,0,0
21,30,171,168,179,173,1,1,0,0,129,129,14,20,0,12,0,3,9,13,1,0,0
30,34,187,191,188,208,1,1,0,0,238,240,19,29,4,4,0,1,13,14,1,0,0
29,32,187,193,188,206,1,1,0,0,242,232,16,35,4,0,0,1,10,12,1,0,0
36,26,191,187,201,188,1,1,0,0,244,273,41,12,8,0,0,0,31,7,0,1,0
24,38,187,188,188,201,1,1,0,0,254,216,7,26,0,17,0,1,4,11,1,0,0
24,23,187,188,188,180,1,1,0,0,255,236,4,7,0,0,0,0,1,2,1,0,0
26,29,183,185,192,197,1,1,0,0,168,168,17,20,0,1,0,1,10,13,1,0,0
24,35,183,175,192,175,1,1,0,0,162,158,11,11,0,9,0,3,7,4,1,0,0
22,24,183,178,192,191,1,1,0,0,165,158,1,0,0,0,0,0,1,0,1,0,0
23,24,170,170,172,170,1,1,0,0,133,137,5,3,0,5,0,2,2,1,1,0,0
28,29,175,165,175,170,1,1,0,0,122,121,21,26,0,13,0,0,15,13,1,0,0
36,38,187,191,191,198,1,1,0,0,221,243,48,34,2,9,0,1,29,23,1,0,0
35,33,187,194,191,208,1,1,0,0,222,235,46,39,2,7,0,1,28,31,1,0,0
35,30,187,185,191,191,1,1,0,0,225,202,45,36,2,2,0,0,28,18,1,0,0
40,34,201,187,201,191,1,1,0,0,216,243,42,44,2,1,0,0,39,28,1,0,0
34,37,187,198,191,203,1,1,0,0,215,285,43,35,1,8,0,1,28,29,1,0,0
33,38,187,201,191,218,1,1,0,0,217,261,41,46,1,3,0,0,27,34,1,0,0
32,26,187,191,191,193,1,1,0,0,199,200,36,20,1,0,0,0,24,14,1,0,0
31,33,187,183,191,191,1,1,0,0,198,199,33,26,1,2,0,1,22,24,1,0,0
29,31,187,181,191,180,1,1,0,0,174,175,30,25,0,2,0,0,21,18,1,0,0
28,29,187,181,191,180,1,1,0,0,174,174,28,23,0,1,0,0,20,17,1,0,0
24,25,175,175,175,185,1,1,0,0,155,156,15,7,3,4,1,0,8,4,1,0,0
21,30,175,165,175,178,1,1,0,0,149,150,11,26,2,25,1,1,5,22,1,0,0
20,30,175,178,175,188,1,1,0,0,149,146,8,8,2,3,1,1,3,5,1,0,0
19,31,175,170,175,175,1,1,0,0,146,146,5,32,2,26,1,5,2,20,1,0,0
23,19,182,175,180,175,1,1,0,0,147,147,10,5,0,2,0,0,7,2,0,0,1
27,32,183,170,180,185,1,1,0,0,154,149,9,5,0,6,1,2,5,4,0,0,1
27,31,183,168,180,170,1,1,0,0,152,152,7,4,0,3,1,2,4,1,1,0,0
27,20,183,193,180,201,1,1,0,0,153,152,7,7,0,0,0,0,4,3,0,0,1
29,23,177,178,194,183,1,1,0,0,158,158,22,12,2,3,1,1,21,4,0,1,0
24,34,177,183,194,188,1,1,0,0,157,156,19,20,0,19,1,2,19,13,1,0,0
20,17,165,160,178,165,1,1,0,0,110,110,2,0,0,0,0,0,2,0,1,0,0
24,27,174,168,183,165,1,1,0,0,131,130,11,8,0,1,0,0,7,3,1,0,0
23,24,174,178,183,178,1,1,0,0,130,130,9,8,0,3,0,1,5,3,1,0,0
22,34,174,168,183,170,1,1,0,0,131,134,6,8,0,6,0,0,2,2,1,0,0
22,21,174,170,183,175,1,1,0,0,131,129,5,3,0,4,0,3,2,2,1,0,0
22,21,174,165,183,170,1,1,0,0,134,134,4,3,0,6,0,1,2,2,1,0,0
22,32,174,173,183,175,1,1,0,0,134,134,3,0,0,2,0,0,2,0,1,0,0
22,26,175,170,175,168,1,1,0,0,129,129,12,12,0,1,0,1,10,7,1,0,0
25,34,188,173,202,179,1,1,0,0,211,211,2,2,0,0,0,1,2,1,1,0,0
32,31,171,170,182,168,1,1,0,0,139,140,18,16,2,0,0,1,7,10,0,1,0
31,31,175,171,177,182,1,1,0,0,140,140,32,18,0,1,0,0,23,7,1,0,0
26,30,168,171,168,182,1,1,0,0,140,140,17,15,0,1,0,0,11,7,0,1,0
30,28,171,168,182,180,1,1,0,0,140,140,14,16,1,10,0,0,7,5,1,0,0
29,38,171,175,182,175,1,1,0,0,140,140,13,30,1,7,0,1,6,17,1,0,0
27,29,165,171,168,182,1,1,0,0,143,144,29,13,2,0,0,0,19,6,1,0,0
29,23,171,170,182,175,1,1,0,0,141,142,12,10,0,1,0,2,6,3,1,0,0
23,25,173,175,175,176,1,1,0,0,139,140,12,16,1,1,1,1,10,11,1,0,0
34,32,188,191,196,193,1,1,0,0,248,247,22,34,1,2,1,0,20,30,1,0,0
32,34,188,193,196,206,1,1,0,0,238,255,19,20,1,0,1,0,18,15,1,0,0
32,39,188,191,196,202,1,1,0,0,239,258,18,15,1,31,1,1,17,10,1,0,0
29,42,188,185,196,185,1,1,0,0,248,229,13,18,1,14,0,2,13,8,1,0,0
28,41,188,178,196,183,1,1,0,0,242,216,12,15,1,4,0,1,12,6,1,0,0
28,22,188,180,196,188,1,1,0,0,245,270,12,11,0,15,0,0,12,9,0,1,0
31,28,175,180,177,183,1,1,0,0,140,140,31,24,0,3,0,0,22,19,1,0,0
31,24,175,178,177,178,1,1,0,0,140,140,30,27,0,2,0,1,22,14,1,0,0
30,32,175,183,177,180,1,1,0,0,139,140,29,25,0,1,0,0,21,21,1,0,0
28,31,175,178,177,180,1,1,0,0,142,146,25,18,0,7,0,1,18,5,1,0,0
28,34,175,171,177,173,1,1,0,0,144,144,24,24,0,8,0,0,17,14,1,0,0
28,30,175,174,177,178,1,1,0,0,140,140,23,27,0,9,0,1,16,18,1,0,0
28,33,175,170,177,175,1,1,0,0,142,141,22,25,0,9,0,0,15,13,1,0,0
27,33,175,180,177,191,1,1,0,0,142,141,21,48,0,10,0,1,14,31,1,0,0
27,28,175,170,177,175,1,1,0,0,142,139,19,17,0,2,0,0,13,5,1,0,0
26,35,175,173,177,180,1,1,0,0,143,140,16,21,0,9,0,1,10,12,1,0,0
25,23,175,178,177,180,1,1,0,0,142,141,11,6,0,8,0,3,9,2,1,0,0
25,26,175,178,177,183,1,1,0,0,143,144,10,8,0,3,0,0,9,4,1,0,0
22,31,168,165,173,170,1,1,0,0,118,117,18,12,0,2,0,2,10,5,1,0,0
28,24,168,175,168,170,0,0,1,1,131,130,17,9,2,5,2,1,6,4,1,0,0
28,31,168,168,168,168,0,0,1,1,131,129,16,7,1,14,2,1,6,1,1,0,0
20,23,173,168,183,168,0,0,1,1,130,139,0,0,4,0,0,0,0,0,1,0,0
22,22,164,158,169,164,1,1,0,0,107,107,12,9,0,0,0,0,7,9,0,1,0
21,24,173,170,170,170,0,0,1,1,132,134,3,3,0,3,0,1,1,1,1,0,0
34,25,164,165,177,169,1,1,0,0,112,112,12,14,0,0,0,0,5,9,1,0,0
34,27,164,160,177,166,1,1,0,0,112,112,11,33,0,6,0,2,5,19,1,0,0
32,22,164,163,177,58,1,1,0,0,115,115,4,9,0,10,0,3,2,3,1,0,0
27,36,170,170,170,180,1,1,0,0,147,146,11,12,0,11,0,4,9,8,1,0,0
25,23,170,175,170,180,1,1,0,0,148,150,2,2,0,0,0,0,1,1,1,0,0
34,26,163,152,174,154,1,1,0,0,112,112,34,12,2,1,3,1,22,8,1,0,0
27,36,178,178,185,180,0,0,1,1,160,160,17,23,0,9,0,0,12,13,1,0,0
25,32,178,178,185,188,0,0,1,1,157,156,8,5,0,4,0,1,5,4,1,0,0
24,31,178,180,185,191,0,0,1,1,161,162,1,2,0,0,0,0,1,1,1,0,0
24,21,180,180,191,185,1,1,0,0,176,176,1,2,0,0,0,1,1,2,1,0,0
24,28,180,171,188,183,1,1,0,0,148,148,7,11,0,3,0,0,6,4,1,0,0
35,27,180,173,184,183,1,1,0,0,179,177,27,24,0,11,0,0,17,15,1,0,0
33,35,180,178,184,180,1,1,0,0,174,173,23,20,0,6,0,2,15,16,1,0,0
32,29,180,178,184,173,1,1,0,0,175,173,20,15,0,6,0,2,13,6,1,0,0
30,34,180,180,184,182,1,1,0,0,176,174,14,14,0,9,0,0,9,11,1,0,0
24,37,188,183,178,183,0,0,1,1,200,201,12,9,0,3,0,0,9,4,1,0,0
26,32,180,173,184,184,0,0,1,1,199,193,15,13,1,7,0,1,10,7,1,0,0
31,25,185,180,191,184,1,1,0,0,199,196,36,13,3,1,0,0,18,10,0,1,0
33,31,161,160,170,168,1,1,0,0,112,112,48,29,7,2,0,1,29,25,1,0,0
33,31,161,160,170,165,1,1,0,0,112,111,47,35,7,2,0,3,28,22,1,0,0
32,28,161,155,170,160,1,1,0,0,112,112,44,33,7,6,0,1,27,18,1,0,0
34,32,162,161,161,170,0,0,1,1,112,112,82,43,3,6,1,0,43,26,1,0,0
29,26,161,159,170,167,1,1,0,0,108,108,32,26,5,6,0,5,17,16,1,0,0
28,28,161,168,170,168,1,1,0,0,108,108,29,26,5,6,0,1,15,20,1,0,0
26,28,161,159,170,161,1,1,0,0,108,108,22,26,5,13,0,1,12,15,1,0,0
24,24,161,153,170,158,1,1,0,0,108,108,15,15,5,3,0,1,9,10,1,0,0
24,35,161,165,170,170,1,1,0,0,111,111,12,32,5,6,0,1,7,29,1,0,0
22,24,160,161,165,170,1,1,0,0,108,108,14,12,0,4,1,0,10,7,1,0,0
20,22,168,161,160,170,1,1,0,0,109,108,4,8,2,1,0,0,1,5,1,0,0
19,21,160,161,165,170,1,1,0,0,109,107,6,5,0,0,1,0,4,2,1,0,0
21,18,161,165,170,165,1,1,0,0,109,109,4,0,0,0,0,0,1,0,1,0,0
30,33,175,180,178,183,1,1,0,0,148,147,16,29,2,7,1,0,12,21,1,0,0
27,28,175,160,178,170,1,1,0,0,141,145,9,5,0,8,0,2,7,0,1,0,0
26,31,192,188,193,191,0,0,1,1,231,230,19,17,1,1,0,0,14,14,1,0,0
22,23,178,178,185,183,1,1,0,0,144,143,7,10,0,1,1,1,3,9,1,0,0
30,29,191,193,193,201,1,1,0,0,228,245,33,18,2,1,0,0,29,14,1,0,0
28,31,168,172,172,164,1,1,0,0,143,143,34,19,2,1,0,0,24,14,1,0,0
22,29,168,168,172,174,1,1,0,0,135,138,22,22,0,6,0,0,15,14,1,0,0
31,41,182,185,185,191,0,0,1,1,200,222,27,29,6,29,1,1,16,16,1,0,0
24,37,173,163,174,168,0,0,1,1,127,124,14,36,1,28,0,2,11,28,1,0,0
24,26,173,168,174,173,0,0,1,1,126,126,14,22,0,1,0,0,11,18,0,1,0
27,36,175,185,183,208,1,1,0,0,160,161,12,10,0,26,0,1,9,7,1,0,0
26,33,175,175,183,177,1,1,0,0,160,165,9,2,0,5,0,0,6,1,1,0,0
19,22,168,165,173,178,1,1,0,0,121,120,4,2,0,4,0,1,1,0,1,0,0
29,31,178,178,187,165,1,1,0,0,159,157,13,15,0,0,0,0,10,7,1,0,0
28,31,178,178,187,193,1,1,0,0,160,159,5,3,0,18,0,2,5,3,1,0,0
26,38,178,178,187,178,1,1,0,0,164,168,3,5,0,9,0,0,3,1,1,0,0
24,25,168,168,164,169,1,1,0,0,115,115,28,19,3,4,0,1,18,12,1,0,0
28,22,163,168,173,169,1,1,0,0,115,115,27,14,1,2,0,1,16,9,1,0,0
34,22,166,168,164,169,0,0,1,1,114,115,33,13,2,1,1,1,27,9,1,0,0
31,21,166,168,170,169,1,1,0,0,116,116,35,11,4,1,1,1,26,8,0,1,0
26,27,168,165,170,168,1,1,0,0,132,132,20,24,0,12,0,2,5,16,1,0,0
20,35,168,170,170,173,1,1,0,0,128,128,9,19,0,12,0,0,4,4,1,0,0
19,23,168,170,170,163,1,1,0,0,125,125,6,3,0,1,0,0,3,0,1,0,0
36,32,198,202,206,208,1,1,0,0,251,247,58,27,3,0,0,0,50,15,1,0,0
32,37,202,203,208,208,1,1,0,0,247,256,26,49,0,4,0,0,14,44,1,0,0
31,34,202,188,208,193,1,1,0,0,248,248,25,21,0,8,0,4,13,10,1,0,0
30,29,202,183,208,188,1,1,0,0,259,260,22,34,0,14,0,1,10,21,1,0,0
24,31,173,175,180,189,1,1,0,0,140,140,20,15,1,1,2,0,10,7,1,0,0
21,26,173,175,180,188,1,1,0,0,135,136,13,6,0,2,1,0,7,3,1,0,0
21,24,173,168,180,169,1,1,0,0,136,133,12,24,0,4,1,0,6,14,1,0,0
21,22,173,178,180,178,1,1,0,0,136,135,11,6,0,3,1,1,5,2,1,0,0
20,23,173,180,180,183,1,1,0,0,136,135,10,10,0,3,1,0,5,4,1,0,0
20,31,173,165,180,168,1,1,0,0,135,137,8,7,0,12,1,1,3,0,1,0,0
28,37,170,173,178,185,1,1,0,0,134,135,23,33,0,16,0,6,18,19,1,0,0
27,20,170,174,178,178,1,1,0,0,150,150,18,8,0,6,0,1,15,6,1,0,0
26,25,170,170,178,183,1,1,0,0,136,136,13,4,0,2,0,0,11,2,1,0,0
29,38,191,198,192,203,1,1,0,0,244,235,10,24,0,4,0,0,7,13,1,0,0
28,27,191,188,192,192,1,1,0,0,262,242,5,9,0,3,0,1,3,2,1,0,0
24,36,170,170,183,170,1,1,0,0,134,138,13,28,0,19,0,1,10,11,1,0,0
22,30,170,168,183,180,1,1,0,0,134,135,7,5,0,2,0,1,5,2,1,0,0
26,24,185,180,197,193,1,1,0,0,169,168,10,10,0,0,0,0,7,6,1,0,0
24,34,179,168,188,174,1,1,0,0,140,140,17,29,0,9,0,0,14,16,1,0,0
24,26,179,178,188,182,1,1,0,0,140,138,16,25,0,2,0,0,14,18,1,0,0
24,23,179,171,188,177,1,1,0,0,140,139,15,19,0,2,0,0,13,16,1,0,0
22,27,179,175,188,183,1,1,0,0,140,138,8,16,0,2,0,0,7,7,1,0,0
27,21,165,162,169,166,1,1,0,0,112,112,19,18,1,1,0,1,11,6,1,0,0
35,40,193,192,193,206,0,0,1,1,257,244,32,26,9,20,0,3,30,21,1,0,0
25,32,206,193,216,193,1,1,0,0,241,274,21,29,0,7,0,0,15,28,1,0,0
27,35,193,180,193,193,0,0,1,1,244,231,23,11,4,14,0,1,22,9,1,0,0
27,27,193,183,193,188,0,0,1,1,244,245,22,32,4,10,0,1,21,19,1,0,0
27,36,193,188,193,198,0,0,1,1,245,257,21,34,4,36,0,2,20,29,1,0,0
25,38,193,180,193,203,0,0,1,1,249,211,8,15,0,33,0,4,8,7,1,0,0
24,43,193,193,193,206,0,0,1,1,255,240,4,1,0,6,0,1,4,1,1,0,0
20,26,170,165,170,168,1,1,0,0,119,119,20,15,0,1,2,0,13,7,1,0,0
25,25,165,174,168,178,1,1,0,0,119,119,11,20,1,3,0,0,4,18,1,0,0
22,17,165,170,168,175,1,1,0,0,119,119,1,2,0,1,0,2,1,1,1,0,0
27,38,180,183,180,186,1,1,0,0,187,187,14,28,0,44,0,4,11,17,1,0,0
35,19,164,159,164,171,1,1,0,0,112,111,7,15,1,2,0,0,2,10,1,0,0
33,33,164,158,164,157,1,1,0,0,112,112,5,28,0,0,0,2,1,13,1,0,0
28,32,168,175,170,183,1,1,0,0,136,136,32,22,2,12,0,1,24,14,1,0,0
26,31,168,168,170,168,1,1,0,0,134,133,29,7,1,12,0,1,21,1,1,0,0
22,26,168,178,170,191,1,1,0,0,136,136,13,5,1,3,0,0,11,4,1,0,0
21,36,168,163,170,173,1,1,0,0,135,133,12,9,1,31,0,0,10,1,1,0,0
20,22,168,173,170,173,1,1,0,0,133,135,2,1,1,2,0,0,2,0,1,0,0
20,23,173,178,170,178,1,1,0,0,129,129,10,5,0,2,1,1,7,2,1,0,0
18,24,173,168,170,173,1,1,0,0,127,126,1,1,0,1,0,0,1,0,1,0,0
35,27,179,183,183,185,1,1,0,0,178,178,31,16,5,0,1,0,18,13,1,0,0
25,28,183,183,185,188,1,1,0,0,177,173,12,12,0,3,0,0,11,5,1,0,0
27,26,170,169,180,169,0,0,1,1,123,123,6,5,2,1,0,0,1,4,0,1,0
24,25,169,163,169,173,1,1,0,0,122,121,3,4,1,4,0,0,3,0,1,0,0
20,25,180,170,182,172,1,1,0,0,153,150,6,8,0,22,0,0,3,7,1,0,0
33,43,198,185,208,188,1,1,0,0,221,246,16,22,0,1,0,0,11,16,0,0,1
42,35,185,183,188,189,0,0,1,1,232,233,20,18,1,2,0,0,15,10,1,0,0
41,38,185,201,188,210,0,0,1,1,229,240,19,14,0,1,0,0,14,6,1,0,0
41,37,185,193,188,203,0,0,1,1,226,249,18,26,0,17,0,2,14,11,1,0,0
40,35,185,188,188,193,0,0,1,1,234,247,17,21,0,13,0,4,13,10,1,0,0
40,30,185,193,188,188,0,0,1,1,236,206,16,23,0,15,0,1,12,11,1,0,0
39,36,185,185,188,201,0,0,1,1,226,211,15,32,0,12,0,1,11,28,1,0,0
39,36,185,191,188,198,0,0,1,1,223,227,14,33,0,7,0,1,11,22,1,0,0
38,36,185,188,188,188,0,0,1,1,217,226,12,21,0,9,0,2,9,12,1,0,0
38,32,185,193,188,208,0,0,1,1,223,235,11,11,0,6,0,0,8,5,1,0,0
27,18,165,161,169,165,1,1,0,0,112,112,20,15,1,0,0,0,12,6,1,0,0
29,32,177,175,175,180,1,1,0,0,147,147,31,19,6,2,0,1,18,4,1,0,0
29,28,170,177,175,175,1,1,0,0,145,147,33,30,3,5,0,0,30,18,1,0,0
23,29,177,175,175,174,1,1,0,0,140,140,22,23,2,3,0,0,13,15,0,1,0
20,21,170,177,185,175,1,1,0,0,135,135,12,16,1,1,1,0,3,9,1,0,0
20,24,177,180,175,183,1,1,0,0,128,130,12,16,1,2,0,1,8,4,1,0,0
19,23,177,173,175,168,1,1,0,0,134,134,5,6,1,1,0,1,4,5,1,0,0
33,33,166,170,166,173,1,1,0,0,118,117,28,34,4,8,0,1,22,25,1,0,0
29,30,166,168,166,175,1,1,0,0,118,118,27,19,1,0,0,0,22,14,0,1,0
28,34,175,180,178,183,0,0,1,1,150,150,30,34,5,13,2,2,23,13,1,0,0
23,32,175,180,178,188,0,0,1,1,142,142,27,29,2,4,1,1,21,19,1,0,0
23,38,175,170,178,178,0,0,1,1,140,139,26,33,2,5,1,1,21,25,1,0,0
22,33,175,175,178,178,0,0,1,1,144,144,24,46,2,5,1,1,19,29,1,0,0
22,29,175,178,178,178,0,0,1,1,140,140,23,21,1,2,1,2,18,10,1,0,0
21,31,175,180,178,191,0,0,1,1,140,140,22,22,1,2,1,0,17,13,1,0,0
21,34,175,175,178,188,0,0,1,1,144,142,20,31,1,12,1,0,15,25,1,0,0
20,33,175,171,178,173,0,0,1,1,143,143,18,24,1,7,1,0,13,14,1,0,0
20,31,175,178,178,196,0,0,1,1,143,143,17,9,1,5,1,1,12,5,1,0,0
19,22,175,175,178,178,0,0,1,1,142,142,16,12,1,0,0,0,11,8,0,0,1
19,20,175,173,178,178,0,0,1,1,139,139,11,11,1,0,0,0,7,7,1,0,0
18,19,175,175,178,190,0,0,1,1,136,137,5,1,0,3,0,0,3,1,1,0,0
17,28,175,175,178,178,0,0,1,1,137,138,2,2,0,1,0,0,1,2,1,0,0
27,27,168,165,168,173,1,1,0,0,125,127,18,8,3,1,0,0,10,6,0,0,1
24,33,180,175,178,173,1,1,0,0,148,147,21,17,0,3,0,1,19,12,1,0,0
43,22,165,180,168,178,1,1,0,0,148,150,26,15,15,0,1,0,17,14,0,1,0
26,29,161,157,166,163,1,1,0,0,115,114,13,16,3,5,0,1,4,9,1,0,0
23,24,163,161,168,166,1,1,0,0,115,115,16,9,2,1,4,0,8,3,1,0,0
25,33,188,173,203,184,1,1,0,0,195,193,16,16,0,9,0,1,11,9,1,0,0
36,33,188,173,197,174,1,1,0,0,196,184,25,24,4,16,0,3,23,14,1,0,0
36,33,188,179,197,188,1,1,0,0,198,181,23,18,3,7,0,2,21,16,1,0,0
32,42,188,183,197,185,1,1,0,0,197,197,9,17,1,11,0,1,8,10,1,0,0
24,31,182,188,180,197,1,1,0,0,212,237,11,9,0,0,0,0,10,8,1,0,0
18,23,171,173,177,173,0,0,1,1,136,137,1,3,0,3,0,1,1,1,1,0,0
27,30,175,170,178,174,1,1,0,0,130,129,16,14,2,3,3,0,6,11,1,0,0
27,27,175,178,178,178,1,1,0,0,132,132,15,14,1,4,3,1,6,5,1,0,0
25,28,175,170,178,178,1,1,0,0,130,130,11,11,1,1,3,2,5,8,1,0,0
25,27,175,173,178,178,1,1,0,0,130,130,10,14,1,1,3,0,5,7,1,0,0
27,25,168,175,165,178,1,1,0,0,131,131,8,8,0,1,0,3,3,4,0,1,0
22,29,179,177,183,180,1,1,0,0,151,151,3,22,0,3,0,0,3,13,1,0,0
22,28,179,173,183,180,1,1,0,0,147,146,0,2,0,4,0,0,0,2,1,0,0
24,32,183,183,188,193,1,1,0,0,175,170,6,4,0,1,0,0,4,2,1,0,0
29,21,160,161,165,166,0,0,1,1,105,105,23,27,0,0,0,0,12,16,0,0,1
27,30,191,188,213,188,1,1,0,0,230,226,14,25,0,9,0,0,6,18,1,0,0
27,28,191,191,213,188,1,1,0,0,225,244,13,25,0,1,0,1,6,18,1,0,0
32,26,193,191,208,213,1,1,0,0,223,227,11,9,7,0,0,0,5,4,0,1,0
25,32,200,191,201,198,1,1,0,0,252,246,7,18,0,3,0,1,3,9,1,0,0
26,30,165,160,169,173,1,1,0,0,111,112,17,26,1,2,0,1,10,14,1,0,0
26,20,168,170,170,173,1,1,0,0,128,128,15,3,1,1,0,0,6,3,1,0,0
25,26,168,168,170,173,1,1,0,0,124,123,12,5,1,2,0,0,6,1,1,0,0
25,29,183,178,185,184,0,0,1,1,173,172,28,17,1,3,0,0,14,16,1,0,0
28,30,170,177,165,179,1,1,0,0,147,147,22,29,0,1,0,0,17,16,1,0,0
29,33,177,171,179,173,0,0,1,1,146,147,27,35,1,8,0,0,15,11,1,0,0
26,28,170,177,165,179,1,1,0,0,147,147,19,26,0,0,0,0,15,14,1,0,0
23,26,177,168,179,25,0,0,1,1,144,142,3,1,0,0,0,0,1,0,1,0,0
24,25,173,178,173,178,1,1,0,0,142,141,13,20,0,2,0,0,9,9,1,0,0
23,35,173,168,173,170,1,1,0,0,142,142,8,17,0,15,0,0,6,15,1,0,0
22,30,173,178,173,191,1,1,0,0,141,141,6,12,0,21,0,1,4,7,1,0,0
29,29,173,175,171,183,0,0,1,1,146,146,23,18,2,2,0,0,7,7,1,0,0
28,35,173,180,171,188,0,0,1,1,146,148,23,30,1,9,0,2,7,19,0,1,0
28,24,173,168,171,178,0,0,1,1,146,149,22,11,1,7,0,1,7,4,1,0,0
28,35,173,173,171,177,0,0,1,1,152,151,20,21,1,10,0,1,7,14,1,0,0
30,23,183,178,183,175,1,1,0,0,160,160,11,17,4,0,1,0,3,10,1,0,0
22,35,178,171,175,184,1,1,0,0,161,157,14,21,0,21,0,4,8,10,1,0,0
20,31,178,182,185,185,1,1,0,0,160,160,17,18,0,4,0,0,14,12,1,0,0
24,37,168,170,168,183,0,0,1,1,141,139,22,35,0,17,0,1,12,7,1,0,0